date,fold,y_true,q05_avg,q50_avg,q95_avg,IS
2020-02-18,fold1,-9.3,-4.1783557,-0.338128,3.7998536,110.4111
2020-02-19,fold1,-0.1,-4.309118,-0.3965561,3.8032484,8.112366
2020-02-20,fold1,-4.4,-4.115946,0.0310535,4.26408,14.061111
2020-02-21,fold1,-7.2,-4.458767,-0.40685365,3.964543,63.247967
2020-02-24,fold1,-2.7,-4.5497017,-0.51346594,3.769597,8.319299
2020-02-25,fold1,1.3,-5.156498,-0.566077,4.024533,9.18103
2020-02-26,fold1,-3.4,-4.8772664,-0.50627434,3.8828957,8.760162
2020-02-27,fold1,4.8,-4.4358387,-0.2550993,3.947333,25.436512
2020-02-28,fold1,-11.0,-5.628124,-0.40058994,4.5694337,117.63507
2020-03-02,fold1,3.9,-5.7683816,-0.83630973,3.9738798,9.742262
2020-03-03,fold1,-0.1,-4.6713657,-0.4713421,3.662736,8.334102
2020-03-04,fold1,-7.2,-5.4694557,-0.7630895,3.8384917,43.91883
2020-03-05,fold1,3.8,-4.6316147,-0.23852485,3.948491,8.580106
2020-03-06,fold1,3.3,-5.9813027,-0.77911633,4.2210298,10.2023325
2020-03-09,fold1,-8.4,-6.102266,-0.88732487,4.0459747,56.102913
2020-03-10,fold1,6.9,-6.586319,-0.8522317,4.4173985,60.655746
2020-03-11,fold1,1.4,-5.367588,1.0302023,6.4339194,11.801508
2020-03-12,fold1,1.8,-6.8165092,0.41452494,6.8005104,13.61702
2020-03-13,fold1,18.3,-7.2215195,0.4704714,7.177427,236.85039
2020-03-16,fold1,-4.6,-6.045708,0.59574336,6.520249,12.565957
2020-03-17,fold1,-8.3,-7.0972505,-0.6381621,5.2996144,36.45186
2020-03-18,fold1,6.1,-6.195741,1.084392,7.3732414,13.568983
2020-03-19,fold1,15.5,-6.8830237,0.82688165,7.641283,171.69865
2020-03-20,fold1,-4.6,-7.051657,0.11366227,6.519295,13.570952
2020-03-23,fold1,10.7,-6.8363595,-0.75300974,4.864553,128.40985
2020-03-24,fold1,-1.0,-6.748024,-0.7829161,4.62429,11.372314
2020-03-25,fold1,-6.1,-6.323246,0.65018004,6.6121125,12.935358
2020-03-26,fold1,-14.5,-6.991635,0.48379532,7.022675,164.18161
2020-03-27,fold1,3.0,-6.741337,-0.055330962,5.943401,12.684738
2020-03-30,fold1,3.0,-7.1122336,-0.5371644,5.400007,12.51224
2020-03-31,fold1,-1.1,-6.4224315,0.10552075,5.784962,12.207394
2020-04-01,fold1,-0.6,-6.410686,-0.024551831,5.6740074,12.084694
2020-04-02,fold1,-2.7,-7.041878,-0.6053117,5.238093,12.279971
2020-04-03,fold1,3.0,-6.228924,0.31320515,5.9661,12.1950245
2020-04-06,fold1,-0.5,-6.6058125,-0.15570012,5.6326966,12.238509
2020-04-07,fold1,3.7,-6.270102,0.54024494,6.4975433,12.767645
2020-04-08,fold1,-6.9,-6.593288,0.678016,7.101446,19.828978
2020-04-09,fold1,-7.3,-6.689873,0.43050697,6.7859364,25.678349
2020-04-13,fold1,3.1,-6.768602,-0.29510686,5.5695114,12.338114
2020-04-14,fold1,-0.5,-6.5801735,0.48019037,6.6246943,13.204868
2020-04-16,fold1,-5.3,-6.6010327,0.14709745,6.1846156,12.785648
2020-04-17,fold1,2.7,-6.8615737,-0.81498426,4.8106465,11.67222
2020-04-20,fold1,0.6,-6.1480427,0.43873727,6.0646224,12.212666
2020-04-21,fold1,1.4,-7.1507306,-0.28947327,5.859768,13.010498
2020-04-22,fold1,7.4,-7.050525,-0.35423008,5.59668,48.713604
2020-04-23,fold1,1.3,-6.347912,0.60493976,6.6012344,12.949146
2020-04-24,fold1,0.1,-6.92876,-0.27190754,5.731484,12.660244
2020-04-27,fold1,3.0,-6.3673816,-0.046378076,5.514794,11.882175
2020-04-28,fold1,-1.6,-5.8897815,0.48200777,6.087219,11.977001
2020-04-29,fold1,-4.2,-6.442659,-0.7734557,4.5694942,11.012154
2020-05-04,fold1,-1.9,-5.828159,-0.27248487,4.6254754,10.453634
2020-05-06,fold1,0.9,-6.6538835,-0.3813802,5.175426,11.829309
2020-05-07,fold1,-2.8,-5.928089,0.6725884,6.352345,12.280434
2020-05-08,fold1,-5.4,-6.3490596,-0.8488317,4.4065986,10.755658
2020-05-11,fold1,3.6,-5.391617,0.33412668,5.243908,10.635525
2020-05-12,fold1,-3.8,-6.0742126,-0.03225929,5.4107704,11.484983
2020-05-13,fold1,-3.2,-6.6216445,-0.68714935,4.7511067,11.372751
2020-05-14,fold1,-1.1,-6.5932827,-0.68365043,4.617286,11.210569
2020-05-15,fold1,0.2,-6.0577703,-0.49021935,4.4450893,10.502859
2020-05-18,fold1,1.1,-5.997526,-0.40340197,4.553267,10.550793
2020-05-19,fold1,-0.3,-5.3338966,0.6427518,5.778956,11.112852
2020-05-20,fold1,-3.3,-6.2748227,-0.7291147,4.5434585,10.818281
2020-05-21,fold1,-1.6,-5.718097,-0.52385145,4.181976,9.900073
2020-05-22,fold1,0.5,-5.9527297,-0.49635985,4.4017267,10.354456
2020-05-26,fold1,-1.9,-5.8138022,-0.57986456,4.176918,9.990721
2020-05-27,fold1,1.2,-5.370108,-0.12182752,4.5383525,9.908461
2020-05-28,fold1,0.3,-5.785811,-0.53807026,4.303911,10.089722
2020-05-29,fold1,3.1,-5.524511,-0.16112722,4.607249,10.13176
2020-06-01,fold1,2.1,-5.7753224,-0.70534444,4.068111,9.843433
2020-06-02,fold1,-1.7,-5.382437,-0.29535854,4.271261,9.653698
2020-06-03,fold1,4.8,-5.1495667,-0.105316795,4.487801,15.88135
2020-06-04,fold1,0.6,-4.925541,0.78923154,5.8706264,10.796167
2020-06-05,fold1,2.0,-5.277754,0.51751214,5.964247,11.242001
2020-06-08,fold1,0.1,-5.2341084,0.9057775,6.5575633,11.791672
2020-06-09,fold1,-5.6,-5.6814504,-0.13880341,5.2582536,10.939704
2020-06-10,fold1,0.1,-5.67909,-0.23680806,4.8490086,10.528099
2020-06-11,fold1,-1.5,-5.7078986,-0.6501419,4.159991,9.867889
2020-06-12,fold1,0.5,-6.6752954,-0.52306074,5.000555,11.67585
2020-06-15,fold1,3.6,-5.6184125,0.49962047,5.797962,11.416374
2020-06-16,fold1,-2.2,-5.901833,-0.27397135,4.968268,10.870101
2020-06-17,fold1,0.7,-5.351017,0.3108677,5.390857,10.741875
2020-06-18,fold1,-3.9,-5.7806396,-0.36892137,4.740216,10.520855
2020-06-19,fold1,1.0,-5.670332,-0.50505036,4.3015013,9.971833
2020-06-22,fold1,1.0,-5.743622,-0.36943376,4.4954505,10.239073
2020-06-23,fold1,-0.5,-5.162224,-0.11072872,4.5207915,9.683016
2020-06-24,fold1,-2.2,-5.183678,-0.13617255,4.5973206,9.780998
2020-06-25,fold1,-1.9,-5.815695,-0.44980523,4.543161,10.358856
2020-06-26,fold1,-1.7,-5.370056,-0.24317692,4.4559712,9.826027
2020-06-29,fold1,3.8,-5.8902354,-0.564194,4.3787847,10.26902
2020-06-30,fold1,0.8,-5.246143,-0.19810891,4.3993173,9.64546
2020-07-01,fold1,2.9,-5.1009636,-0.016853958,4.685123,9.786087
2020-07-02,fold1,-2.5,-4.9464784,0.18652324,4.993192,9.939671
2020-07-06,fold1,3.3,-5.059454,-0.27761358,4.4487734,9.508227
2020-07-07,fold1,-2.2,-4.838281,0.07152841,4.751611,9.589892
2020-07-08,fold1,-1.1,-5.3022466,-0.39125073,4.4132824,9.7155285
2020-07-09,fold1,1.4,-4.768904,0.33321065,5.0582833,9.827188
2020-07-10,fold1,0.6,-5.3291583,-0.46277204,4.3744297,9.7035885
2020-07-13,fold1,2.3,-4.703068,0.45585814,5.1870365,9.890104
2020-07-14,fold1,-0.2,-5.541748,0.07209215,5.400205,10.941954
2020-07-15,fold1,-0.4,-5.1498322,0.07408367,5.0294204,10.179253
2020-07-16,fold1,-3.6,-4.900034,0.20519638,5.0794005,9.979435
2020-07-17,fold1,-3.0,-5.010264,-0.12234693,4.701897,9.712161
2020-07-20,fold1,-1.4,-4.6804423,0.44010687,5.2593307,9.939774
2020-07-21,fold1,2.2,-4.73411,-0.081573874,4.6482677,9.382378
2020-07-22,fold1,-1.0,-4.6313806,0.08999276,4.749657,9.381038
2020-07-23,fold1,-2.8,-4.621035,0.1337796,4.8403697,9.461405
2020-07-24,fold1,-1.3,-4.7905717,0.25361472,5.173862,9.964434
2020-07-27,fold1,-0.1,-4.802101,0.38834003,5.4158683,10.21797
2020-07-28,fold1,2.5,-4.7909055,0.6148327,5.7999387,10.590844
2020-07-29,fold1,-2.0,-4.9655547,0.08192005,5.1450615,10.110617
2020-07-30,fold1,-2.8,-4.7139707,0.23307873,5.074724,9.788694
2020-07-31,fold1,1.5,-4.7971272,0.029662184,4.8374143,9.6345415
2020-08-03,fold1,1.0,-4.658952,0.33044204,5.163585,9.822537
2020-08-04,fold1,0.0,-4.6769414,0.5479656,5.5971103,10.274052
2020-08-05,fold1,-1.3,-4.724055,-0.02402021,4.787335,9.51139
2020-08-06,fold1,1.3,-4.5742927,0.5738351,5.480252,10.054544
2020-08-07,fold1,1.3,-4.6191864,0.39107433,5.3790784,9.998264
2020-08-10,fold1,4.4,-4.576746,0.67616457,5.7696495,10.3463955
2020-08-11,fold1,-1.8,-4.638214,0.62540656,5.8055387,10.443752
2020-08-12,fold1,2.8,-4.8355184,0.87283415,6.320585,11.156103
2020-08-13,fold1,-1.1,-4.868137,0.8380751,6.3225493,11.190686
2020-08-14,fold1,3.4,-4.8344235,0.68544674,6.084369,10.918793
2020-08-18,fold1,-3.9,-4.820168,0.5080394,5.784548,10.604715
2020-08-19,fold1,-1.0,-4.748753,0.08149176,5.002851,9.751604
2020-08-20,fold1,3.2,-4.7268815,0.58459127,5.678585,10.405466
2020-08-21,fold1,3.1,-4.8195624,0.16636088,5.1755843,9.995147
2020-08-24,fold1,-3.2,-4.664909,0.35770264,5.279379,9.944288
2020-08-25,fold1,0.9,-4.6469684,0.5046693,5.5345483,10.181517
2020-08-26,fold1,1.7,-4.735475,0.78053737,6.063131,10.798606
2020-08-27,fold1,1.7,-4.8621163,0.48657092,5.787107,10.649223
2020-08-28,fold1,6.5,-4.976377,0.9073685,6.445605,12.509886
2020-08-31,fold1,3.0,-4.950928,0.43450877,5.769053,10.719981
2020-09-01,fold1,6.6,-5.1556983,0.38232073,5.7440014,28.01967
2020-09-02,fold1,-4.3,-5.006019,0.027511774,5.020529,10.026548
2020-09-03,fold1,-1.5,-4.779533,0.21870375,5.0712037,9.850737
2020-09-04,fold1,0.3,-5.4675136,0.23557945,5.5821614,11.049675
2020-09-08,fold1,2.8,-5.075028,0.95431155,6.467238,11.542266
2020-09-09,fold1,-3.7,-5.2823386,0.14604214,5.475283,10.757622
2020-09-10,fold1,-0.1,-4.7963405,0.5336607,5.5840797,10.380421
2020-09-11,fold1,1.3,-4.8718057,0.005821874,4.9150004,9.786806
2020-09-14,fold1,-1.3,-4.50996,0.21377492,4.837124,9.347084
2020-09-15,fold1,-1.4,-4.432962,0.33675456,5.022441,9.455402
2020-09-16,fold1,-1.8,-4.4251714,0.33398733,5.0755463,9.500717
2020-09-17,fold1,2.3,-4.4782777,0.4972869,5.392965,9.871243
2020-09-18,fold1,-0.5,-4.539305,0.47193047,5.4535356,9.992841
2020-09-21,fold1,-1.0,-4.5642,0.5472197,5.5841064,10.148306
2020-09-22,fold1,-2.1,-4.8085384,0.43996632,5.6232085,10.431747
2020-09-23,fold1,-2.5,-4.700024,0.4841125,5.575169,10.275193
2020-09-24,fold1,-1.0,-4.9449825,0.5709744,5.8916936,10.836676
2020-09-25,fold1,-1.3,-4.983692,0.39830872,5.6506534,10.634346
2020-09-28,fold1,0.2,-4.7707853,0.31605032,5.3134046,10.08419
2020-09-29,fold1,0.4,-4.699762,0.46145377,5.48004,10.179802
2020-10-05,fold1,4.9,-4.71068,0.28918803,5.25913,9.9698105
2020-10-06,fold1,5.2,-5.0088525,1.0492309,6.6012797,11.610132
2020-10-07,fold1,0.2,-5.1960073,0.29410136,5.7097454,10.905752
2020-10-08,fold1,1.0,-4.9550033,0.9002213,6.3539395,11.308943
2020-10-13,fold1,-1.6,-4.8811502,0.08861747,5.138965,10.020115
2020-10-14,fold1,-1.4,-4.6770806,-0.009932521,4.6910253,9.368106
2020-10-15,fold1,-3.5,-4.5739503,0.22344331,4.9284296,9.50238
2020-10-16,fold1,1.5,-4.5968957,0.54806936,5.5081024,10.104998
2020-10-19,fold1,-5.2,-4.727675,0.61638206,5.8092217,19.983395
2020-10-20,fold1,2.1,-4.9261055,0.6726155,6.069809,10.995914
2020-10-21,fold1,6.0,-4.9907126,0.768725,6.2665143,11.257227
2020-10-22,fold1,-1.5,-4.987906,0.67025614,6.1330132,11.120919
2020-10-23,fold1,-1.2,-4.9961443,0.84938407,6.3928065,11.38895
2020-10-26,fold1,-1.3,-4.9692054,0.27911988,5.521975,10.49118
2020-10-27,fold1,2.1,-5.448854,0.20925075,5.588199,11.037053
2020-10-28,fold1,-0.6,-5.276275,0.16330655,5.3385644,10.61484
2020-10-29,fold1,3.0,-5.99649,0.52957505,6.382646,12.379136
2020-10-30,fold1,1.9,-5.5848956,0.8310866,6.6693377,12.254233
2020-11-02,fold1,5.6,-5.6333747,0.6503697,6.4741116,12.107487
2020-11-03,fold1,0.5,-5.5132184,0.2299334,5.6858807,11.199099
2020-11-04,fold1,-3.8,-5.0966673,0.5152257,5.754479,10.851147
2020-11-05,fold1,-4.2,-5.0066752,-0.5274729,4.127959,9.134634
2020-11-06,fold1,3.2,-4.4907837,0.1973629,4.6292033,9.1199875
2020-11-09,fold1,0.9,-4.4214206,0.46646762,5.1370482,9.558469
2020-11-10,fold1,5.6,-4.7837143,1.0743235,6.472161,11.255875
2020-11-12,fold1,2.6,-4.6944027,0.596658,5.842976,10.537378
2020-11-13,fold1,-2.3,-4.697136,-0.20906669,4.542183,9.239319
2020-11-16,fold1,-0.4,-4.3551745,0.44890717,5.062143,9.417317
2020-11-17,fold1,-0.3,-4.3986564,0.4771839,5.2819695,9.680626
2020-11-18,fold1,-1.8,-4.4105964,0.042224944,4.6807823,9.091379
2020-11-19,fold1,0.6,-4.374983,0.53021455,5.299663,9.674646
2020-11-20,fold1,-0.1,-4.3690686,0.26628292,4.9948063,9.363874
2020-11-23,fold1,-2.6,-4.3446717,0.18948914,4.813994,9.158666
2020-11-24,fold1,1.7,-4.3322225,0.6910327,5.523295,9.855517
2020-11-25,fold1,3.1,-4.41231,0.55006486,5.488992,9.901302
2020-11-30,fold1,3.0,-4.392122,0.42623273,5.284449,9.676571
2020-12-01,fold1,-1.0,-4.316815,0.12816066,4.7426715,9.059486
2020-12-02,fold1,2.6,-4.47768,0.92104316,5.9697137,10.447393
2020-12-03,fold1,-0.6,-4.524796,0.64995617,5.782164,10.30696
2020-12-04,fold1,-1.4,-4.42724,0.23205815,5.0442815,9.471521
2020-12-07,fold1,-0.9,-4.4369316,0.80842835,5.801016,10.237947
2020-12-08,fold1,-0.4,-4.3882103,0.2319011,5.033472,9.421682
2020-12-09,fold1,1.4,-4.266905,0.32997534,4.965904,9.232809
2020-12-10,fold1,-0.1,-4.356136,0.7264827,5.643257,9.999393
2020-12-11,fold1,0.6,-4.342266,0.25039443,5.006929,9.3491955
2020-12-14,fold1,0.9,-4.2651534,0.37326252,5.041027,9.306181
2020-12-15,fold1,0.1,-4.3067303,0.49771753,5.274527,9.581257
2020-12-16,fold1,2.1,-4.330396,0.55939925,5.381085,9.711481
2020-12-17,fold1,4.0,-4.293879,0.42301473,5.176992,9.470871
2020-12-18,fold1,-2.4,-4.309036,0.5474642,5.3383813,9.647417
2020-12-21,fold1,-2.9,-4.2725434,0.55983424,5.3674145,9.639957
2020-12-22,fold1,-2.2,-4.401035,0.56024504,5.522243,9.923278
2020-12-23,fold1,-1.7,-4.3172116,0.37514362,5.146891,9.464103
2020-12-28,fold1,4.1,-4.338318,0.6692453,5.5373764,9.875694
2020-12-29,fold1,1.7,-4.2727942,0.26561254,4.93376,9.206554
2020-12-30,fold1,1.5,-4.2543054,0.43585432,5.104798,9.359103
2021-02-19,fold2,2.1,-3.3095105,0.5829401,4.7504535,8.059964
2021-02-22,fold2,4.7,-3.092064,1.03556,5.385411,8.477474
2021-02-23,fold2,-1.6,-3.2804823,1.0027661,5.6303077,8.9107895
2021-02-24,fold2,-5.5,-3.4301307,0.5029671,4.8267198,49.654236
2021-02-25,fold2,3.3,-3.1859589,0.5876369,4.6417317,7.8276906
2021-02-26,fold2,7.6,-3.7660177,1.759119,7.2184014,18.616388
2021-03-02,fold2,0.6,-5.07296,-0.8010907,3.9894493,9.062409
2021-03-03,fold2,-1.5,-3.3969057,0.12526256,3.6784334,7.0753393
2021-03-04,fold2,2.1,-3.0924923,1.23759,5.6701965,8.762689
2021-03-05,fold2,2.0,-3.4075906,1.3520885,6.3680186,9.775609
2021-03-08,fold2,3.6,-3.5620873,0.83558035,5.6494203,9.211508
2021-03-09,fold2,0.6,-3.4016764,0.9482438,5.6126666,9.014343
2021-03-10,fold2,0.2,-3.8151753,-0.1922409,3.9086287,7.723804
2021-03-11,fold2,-0.9,-3.2623632,0.1842245,3.83685,7.099213
2021-03-12,fold2,6.5,-2.976979,0.55286163,4.3079805,51.12535
2021-03-15,fold2,6.0,-3.1458185,1.3465904,5.970997,9.696878
2021-03-16,fold2,-5.4,-3.6497676,0.12378923,4.404862,43.05928
2021-03-17,fold2,3.6,-3.1838024,0.45240998,4.3366237,7.520426
2021-03-18,fold2,1.6,-3.135883,0.62634224,4.688648,7.8245316
2021-03-19,fold2,-5.1,-3.1701205,1.2972836,5.956904,47.724613
2021-03-22,fold2,-4.2,-3.3517692,0.90606046,5.5707073,25.887089
2021-03-23,fold2,-2.5,-3.9353874,-0.30000597,3.8193133,7.7547007
2021-03-24,fold2,-4.0,-3.8955534,-0.32347664,3.517419,9.501905
2021-03-25,fold2,-2.5,-3.257306,0.36931315,4.174973,7.432279
2021-03-26,fold2,3.8,-3.1566317,0.58589107,4.629349,7.785981
2021-03-29,fold2,-2.5,-3.0465066,0.85371447,5.051625,8.098131
2021-03-30,fold2,8.3,-3.2253838,1.2157899,5.940722,56.35167
2021-03-31,fold2,-0.6,-3.4955215,0.43529353,4.829514,8.325035
2021-04-01,fold2,-3.4,-3.179136,0.5426423,4.5626893,12.159106
2021-04-05,fold2,7.1,-3.7237089,-0.2404948,3.654603,76.28625
2021-04-06,fold2,-2.5,-2.918708,1.0264759,5.076901,7.9956093
2021-04-07,fold2,-0.5,-4.0587726,-0.3846167,3.7429466,7.801719
2021-04-08,fold2,-5.2,-3.0292933,0.76421905,4.6661296,51.109554
2021-04-09,fold2,1.7,-3.7276163,-0.080888994,3.9665768,7.694193
2021-04-12,fold2,-2.6,-3.0312507,1.02353,5.233059,8.26431
2021-04-13,fold2,2.4,-3.2477338,0.88751024,5.415661,8.663395
2021-04-14,fold2,-3.7,-3.9254467,-0.3095741,3.7872097,7.7126565
2021-04-15,fold2,3.0,-3.0765545,0.48758188,4.2040014,7.2805557
2021-04-16,fold2,0.3,-4.05468,-0.544751,3.362753,7.417433
2021-04-19,fold2,-4.2,-2.882994,0.76403934,4.475721,33.698833
2021-04-20,fold2,2.2,-3.061966,0.7086101,4.826408,7.888374
2021-04-21,fold2,0.2,-3.608157,0.033619393,4.0940285,7.7021856
2021-04-22,fold2,-1.6,-3.2482793,0.2876476,4.063051,7.311331
2021-04-23,fold2,5.4,-3.1273918,0.53237003,4.4785485,26.034971
2021-04-26,fold2,4.6,-3.1133063,0.5292169,4.490967,9.784935
2021-04-27,fold2,-1.8,-3.1539538,0.44111678,4.3707924,7.524746
2021-04-28,fold2,1.1,-3.0242965,1.0246063,5.310191,8.334488
2021-04-29,fold2,1.6,-3.321,0.40042886,4.54932,7.8703203
2021-04-30,fold2,3.0,-3.0953007,0.7371995,4.8501563,7.945457
2021-05-03,fold2,-0.4,-3.323518,0.5190912,4.741054,8.064572
2021-05-04,fold2,0.6,-3.4514837,0.13958661,4.096751,7.548235
2021-05-06,fold2,-2.8,-3.352932,0.2650796,4.1781845,7.5311165
2021-05-07,fold2,2.1,-3.4089878,0.0062024496,3.7392833,7.148271
2021-05-10,fold2,1.1,-2.913049,0.5720934,4.247646,7.160695
2021-05-11,fold2,0.5,-2.9845455,0.9036451,5.0846157,8.069161
2021-05-12,fold2,-1.4,-3.242505,0.7061007,5.0433807,8.285886
2021-05-13,fold2,3.1,-3.4519053,1.3088847,6.317356,9.769261
2021-05-14,fold2,0.2,-3.7185516,0.055623084,4.330217,8.048769
2021-05-17,fold2,-4.1,-3.424877,0.0044154054,3.6995058,20.626842
2021-05-18,fold2,0.1,-2.9765224,0.67626333,4.535955,7.5124774
2021-05-20,fold2,1.7,-3.1631114,0.52948123,4.581494,7.744605
2021-05-21,fold2,-1.2,-3.2639825,0.3525896,4.311707,7.5756893
2021-05-24,fold2,-0.3,-3.148964,0.49937463,4.4448543,7.593818
2021-05-25,fold2,0.9,-3.3236296,0.13762982,3.9538567,7.2774863
2021-05-26,fold2,-0.1,-3.5714815,-0.18682551,3.526097,7.0975785
2021-05-27,fold2,-1.7,-2.9081478,0.6396721,4.340854,7.249002
2021-05-28,fold2,2.1,-2.9777339,0.7822499,4.8556914,7.8334255
2021-06-01,fold2,5.4,-3.5066738,-0.009819712,3.9230957,36.967857
2021-06-02,fold2,1.6,-2.9048405,0.9195265,4.91666,7.8215003
2021-06-03,fold2,-0.7,-3.5141532,0.03307957,4.031319,7.545472
2021-06-04,fold2,-2.2,-3.0060108,1.0190719,5.2292767,8.235288
2021-06-07,fold2,-1.7,-4.020417,-0.5246492,3.477229,7.4976463
2021-06-08,fold2,-4.0,-2.9241364,0.5877919,4.19564,28.63705
2021-06-09,fold2,-1.3,-3.5974514,-0.08809953,3.817749,7.4152
2021-06-10,fold2,-1.8,-3.367197,0.0642406,3.7472384,7.114435
2021-06-11,fold2,1.6,-3.5600889,-0.19553746,3.4725292,7.032618
2021-06-14,fold2,-0.5,-2.9347875,0.7348563,4.5729637,7.5077515
2021-06-15,fold2,-2.5,-3.0111961,0.89001507,5.1148252,8.126021
2021-06-16,fold2,-0.1,-3.3165596,0.47393122,4.685387,8.001946
2021-06-17,fold2,0.9,-3.050748,1.0841509,5.451903,8.502651
2021-06-18,fold2,-3.8,-4.0499215,-0.19074641,4.188687,8.238608
2021-06-21,fold2,-3.5,-4.059083,-0.43506026,3.5000532,7.5591364
2021-06-22,fold2,4.4,-2.91603,0.81194395,4.595861,7.511891
2021-06-23,fold2,-0.9,-3.391714,0.13630399,4.0853734,7.4770875
2021-06-24,fold2,1.9,-2.9614894,0.6259578,4.4455466,7.407036
2021-06-25,fold2,4.0,-3.2356148,0.3122902,4.2259345,7.4615493
2021-06-28,fold2,3.7,-2.9388,0.9197335,4.9987874,7.9375877
2021-06-29,fold2,-2.8,-3.7949333,-0.25364062,3.7700088,7.5649424
2021-06-30,fold2,-1.7,-3.0883281,0.49554983,4.249991,7.338319
2021-07-01,fold2,-0.2,-3.6001625,-0.09631481,3.8016834,7.401846
2021-07-02,fold2,1.1,-2.950575,0.8078592,4.7417164,7.6922913
2021-07-06,fold2,1.8,-3.6329968,-0.16572016,3.7546463,7.387643
2021-07-07,fold2,-8.0,-3.8554456,-0.37325165,3.4087145,90.15524
2021-07-08,fold2,-3.7,-3.4522102,-0.07600515,3.5088933,11.916901
2021-07-09,fold2,3.1,-3.3908873,0.093392216,3.826574,7.2174616
2021-07-12,fold2,-1.1,-2.9324496,0.98995876,5.0530868,7.9855366
2021-07-13,fold2,1.3,-3.180175,0.55992466,4.7102966,7.8904715
2021-07-14,fold2,-2.7,-3.0959234,0.9812272,5.3378863,8.433809
2021-07-15,fold2,1.6,-3.8408968,-0.27939728,3.7720501,7.612947
2021-07-16,fold2,-1.6,-3.6798646,-0.22579153,3.481982,7.1618466
2021-07-19,fold2,-3.6,-3.044935,0.5462698,4.3000374,18.44627
2021-07-20,fold2,-7.9,-4.8424525,-0.94050026,3.3552053,69.34861
2021-07-21,fold2,-1.5,-2.9927113,0.718214,4.3607154,7.353427
2021-07-22,fold2,4.3,-3.019387,1.0485853,5.3407807,8.3601675
2021-07-23,fold2,-3.3,-3.6146576,0.015180404,4.122257,7.7369146
2021-07-26,fold2,-2.5,-3.0046704,0.8327077,4.8478923,7.852563
2021-07-27,fold2,0.5,-3.319432,0.32458284,4.3650107,7.6844425
2021-07-28,fold2,-0.6,-3.5939796,-0.012367089,3.918063,7.5120425
2021-07-29,fold2,2.7,-3.0519664,0.60983545,4.460218,7.512184
2021-07-30,fold2,-1.5,-3.0177948,0.6536723,4.6331673,7.650962
2021-08-02,fold2,3.3,-3.6064599,-0.01411662,3.9893684,7.595828
2021-08-03,fold2,-1.7,-3.514445,0.00024814904,3.789873,7.304318
2021-08-04,fold2,-2.4,-3.1781828,0.35874167,4.1148252,7.293008
2021-08-05,fold2,1.2,-3.107898,0.5157215,4.431732,7.53963
2021-08-06,fold2,2.2,-2.9990122,0.8913584,5.04994,8.048952
2021-08-09,fold2,1.4,-3.2133353,1.2552309,5.971658,9.184994
2021-08-10,fold2,0.2,-3.3653357,0.68475676,5.1631236,8.52846
2021-08-11,fold2,1.8,-3.1980312,0.8526743,5.20766,8.405691
2021-08-12,fold2,-1.2,-3.409998,0.27817407,4.3612294,7.7712274
2021-08-13,fold2,0.2,-3.1432467,0.6274814,4.654349,7.7975955
2021-08-17,fold2,-3.8,-4.057985,-0.4862983,3.5057945,7.5637794
2021-08-18,fold2,-0.5,-3.4630823,0.19348848,4.0161433,7.4792256
2021-08-19,fold2,-1.3,-3.228816,0.771645,5.0154376,8.244253
2021-08-20,fold2,-1.5,-3.7517936,0.07137814,4.3154473,8.067241
2021-08-23,fold2,3.6,-3.1760693,0.6673744,4.712658,7.888727
2021-08-24,fold2,5.0,-3.3117917,0.21217914,4.1022987,25.368114
2021-08-25,fold2,-0.3,-2.9809086,0.9291094,5.041146,8.022055
2021-08-26,fold2,-0.8,-3.1637437,1.1050051,5.6604195,8.824163
2021-08-27,fold2,1.1,-3.600522,0.3358201,4.7193375,8.3198595
2021-08-30,fold2,-2.6,-3.5498028,-0.017860591,3.833831,7.3836336
2021-08-31,fold2,-0.1,-3.2874124,0.23939013,3.9956152,7.2830276
2021-09-01,fold2,3.0,-3.0624015,0.6286546,4.567526,7.6299276
2021-09-02,fold2,-0.1,-3.1447365,0.57122844,4.617315,7.7620516
2021-09-03,fold2,0.2,-3.428079,0.1793303,4.1502223,7.5783014
2021-09-07,fold2,3.2,-2.996051,0.9151601,5.0200534,8.016105
2021-09-08,fold2,4.1,-3.2311852,1.1497686,5.8318176,9.063003
2021-09-09,fold2,-1.6,-3.84279,-0.026860544,4.273391,8.11618
2021-09-10,fold2,0.6,-3.7340758,-0.18291198,3.6567914,7.390867
2021-09-13,fold2,3.1,-2.998375,1.1336225,5.3520675,8.350443
2021-09-14,fold2,2.3,-3.5123405,0.1979324,4.3691664,7.881507
2021-09-15,fold2,-3.5,-3.7027674,-0.17930984,3.6878564,7.390624
2021-09-16,fold2,1.8,-2.9592235,0.80290335,4.6975513,7.6567745
2021-09-17,fold2,2.5,-3.1342678,0.91508865,5.2936115,8.427879
2021-09-23,fold2,3.1,-3.2745802,0.94903874,5.526073,8.800653
2021-09-24,fold2,5.3,-3.2242615,0.8657727,5.2861114,8.78815
2021-09-27,fold2,1.6,-3.2282436,1.1393431,5.779297,9.007541
2021-09-28,fold2,8.8,-3.3999312,0.6008353,5.020198,84.016174
2021-09-29,fold2,-3.3,-3.4252517,1.3778969,6.3781643,9.803416
2021-09-30,fold2,1.4,-3.5868886,0.6798358,5.386472,8.973361
2021-10-01,fold2,2.1,-3.7043726,0.042492192,4.1943946,7.8987675
2021-10-05,fold2,3.3,-3.5908062,-0.09908428,3.6830928,7.273899
2021-10-06,fold2,10.8,-3.0143554,1.1654032,5.433538,115.77714
2021-10-07,fold2,-1.2,-3.5118027,0.37842134,4.73563,8.247433
2021-10-08,fold2,-1.3,-3.1199138,0.9771161,5.2935367,8.41345
2021-10-12,fold2,7.3,-3.241246,0.8762901,5.3534636,47.525444
2021-10-13,fold2,-4.6,-3.648841,0.18183208,4.448408,27.12043
2021-10-14,fold2,-5.0,-3.5310333,-0.006220028,3.8304207,36.740788
2021-10-15,fold2,0.5,-3.505922,-0.03728306,3.6814508,7.187373
2021-10-18,fold2,4.4,-3.0371306,1.2658571,5.6477237,8.6848545
2021-10-19,fold2,-2.1,-3.4531734,0.60981137,5.1311765,8.58435
2021-10-20,fold2,1.3,-3.2521598,1.2475996,5.9818816,9.234041
2021-10-21,fold2,-0.4,-3.53537,0.63417697,5.2612514,8.796621
2021-10-22,fold2,2.3,-3.331928,1.0886159,5.8061967,9.138124
2021-10-25,fold2,1.5,-3.8170872,0.28148437,4.828255,8.645342
2021-10-26,fold2,3.1,-3.561631,0.3242236,4.5051765,8.066808
2021-10-27,fold2,3.0,-3.4262865,0.5747134,4.881953,8.308239
2021-10-28,fold2,-9.0,-4.6002374,-0.71673423,3.5406942,96.136185
2021-10-29,fold2,17.8,-3.0599658,0.98788804,5.0388045,263.32263
2021-11-01,fold2,-6.9,-3.8004618,0.3536912,4.9444942,70.735725
2021-11-02,fold2,-2.6,-3.299588,1.0497569,5.657553,8.957141
2021-11-03,fold2,-1.0,-3.8053882,0.25014296,4.757879,8.563267
2021-11-04,fold2,-4.2,-3.2610781,1.1635686,5.797171,27.836685
2021-11-05,fold2,-7.8,-4.5789776,-0.59619576,3.846638,72.84607
2021-11-08,fold2,-2.1,-4.2733693,-0.5203081,3.3601959,7.633565
2021-11-09,fold2,-3.6,-3.1051428,1.2784098,5.6261635,18.628448
2021-11-10,fold2,1.6,-4.336693,-0.27025568,4.2352023,8.571896
2021-11-12,fold2,3.5,-3.4928172,1.5961298,6.6042843,10.097101
2021-11-15,fold2,-4.6,-3.6671627,0.9205088,5.9692845,28.293194
2021-11-16,fold2,3.5,-3.5204427,1.2830524,6.3883095,9.908752
2021-11-17,fold2,2.6,-3.8742068,0.7262633,5.801756,9.675962
2021-11-18,fold2,-2.1,-4.058207,0.07676492,4.6077886,8.665996
2021-11-19,fold2,3.4,-3.5311975,0.58694625,4.9564757,8.487673
2021-11-22,fold2,1.4,-4.110332,-0.16810213,4.1579285,8.268261
2021-11-23,fold2,1.4,-3.4461377,1.5519222,6.5356255,9.981763
2021-11-24,fold2,-0.6,-3.7229626,1.2021854,6.521977,10.24494
2021-11-26,fold2,-13.9,-4.1893983,0.10544252,4.8740273,203.27547
2021-11-29,fold2,1.1,-6.645368,-1.2852452,4.0637937,10.709162
2021-11-30,fold2,-5.3,-3.6257792,0.64227456,4.656688,41.766888
2021-12-01,fold2,-3.1,-5.4089694,-0.83075875,3.9168236,9.325793
2021-12-02,fold2,1.6,-3.7023003,0.86772853,5.2919955,8.994296
2021-12-03,fold2,3.6,-3.5071518,0.88407993,5.5529137,9.060065
2021-12-06,fold2,-2.1,-5.105927,-0.7369029,3.968359,9.0742855
2021-12-07,fold2,2.7,-3.2667599,1.2785548,5.6851597,8.95192
2021-12-08,fold2,-5.5,-3.3146284,1.0565578,5.748903,52.77096
2021-12-09,fold2,0.3,-3.2806962,1.0369253,5.692494,8.97319
2021-12-10,fold2,1.3,-3.9431992,0.23436148,4.845468,8.788668
2021-12-13,fold2,-3.2,-3.4237077,0.37194395,4.4091954,7.832903
2021-12-14,fold2,0.0,-4.222874,-0.31182826,3.9244068,8.147281
2021-12-15,fold2,-0.3,-3.2608364,1.0625696,5.481735,8.742572
2021-12-16,fold2,-1.9,-3.3071544,0.8396328,5.3668714,8.674026
2021-12-17,fold2,0.6,-3.6605215,-0.026938898,4.0426674,7.703189
2021-12-20,fold2,-4.6,-3.5353653,0.12905724,4.0499682,28.878025
2021-12-21,fold2,-0.8,-3.1360648,0.87474823,5.0896754,8.22574
2021-12-22,fold2,4.8,-3.209527,1.0420948,5.5852356,8.794763
2021-12-23,fold2,6.5,-3.5150106,0.11667583,4.1954103,53.802216
2021-12-27,fold2,-0.1,-3.0517924,1.0659965,5.345129,8.396921
2021-12-28,fold2,-1.3,-3.576338,0.15061109,4.334867,7.9112053
2021-12-29,fold2,-1.8,-3.1702087,0.62225085,4.6511455,7.821354
2021-12-30,fold2,6.8,-3.1468449,1.1207739,5.622808,32.3135
2022-01-04,fold2,7.2,-3.792135,-0.029992847,4.20995,67.80308
2022-01-05,fold2,5.5,-3.4093006,1.5634805,6.5024934,9.911794
2022-01-06,fold2,10.6,-3.5850227,1.1814681,6.3138466,95.62195
2022-01-07,fold2,-2.3,-3.6709602,1.0342503,6.1007156,9.771676
2022-01-10,fold2,2.6,-3.4963942,1.0322328,5.8989663,9.395361
2022-01-11,fold2,0.1,-3.502986,0.8701512,5.634648,9.137634
2022-01-12,fold2,-5.7,-3.76568,-0.044593018,4.1090164,46.56109
2022-01-13,fold2,-3.1,-3.2538369,0.42719886,4.303368,7.557205
2022-01-14,fold2,5.6,-3.932462,-0.017697401,4.2057543,36.02313
2022-01-18,fold2,10.0,-3.3313847,1.4264737,6.217666,85.195724
2022-01-19,fold2,-1.6,-3.9657698,1.593586,7.3118854,11.277655
2022-01-20,fold2,2.1,-4.8087764,-0.12266692,4.979647,9.788424
2022-01-21,fold2,-1.8,-3.7723181,0.82139754,5.5349426,9.3072605
2022-01-24,fold2,0.0,-5.6521072,-0.7590816,4.3237185,9.975826
2022-01-25,fold2,3.6,-4.128264,0.81921655,5.652073,9.780336
2022-01-26,fold2,-0.3,-3.984463,1.202346,6.5719247,10.556388
2022-01-27,fold2,3.9,-4.1999145,1.5331763,7.3806953,11.58061
2022-01-28,fold2,-2.6,-5.103824,0.1898324,5.8035827,10.907407
2022-02-03,fold2,-2.0,-4.257344,0.12857227,4.6923013,8.949645
2022-02-04,fold2,5.3,-3.3906786,0.7614452,5.0219474,13.973682
2022-02-07,fold2,1.9,-3.7012908,1.5856113,6.9395657,10.640857
2022-02-08,fold2,9.5,-4.1624255,0.41096076,5.443268,90.74034
2022-02-09,fold2,-4.2,-3.6113966,1.1418163,6.0933633,21.476826
2022-02-10,fold2,-0.5,-4.017151,0.1332097,4.711868,8.729019
2022-02-11,fold2,6.1,-3.6974125,1.5779768,6.8525176,10.549931
2022-02-14,fold2,-3.3,-6.3674965,-1.1099153,4.3614535,10.7289505
2022-02-15,fold2,-0.4,-4.018404,1.4486135,6.636927,10.655331
2022-02-16,fold2,-0.8,-4.049916,1.3708757,7.00614,11.056056
2022-02-17,fold2,0.6,-4.32011,0.3130859,5.376412,9.696522
2022-02-18,fold2,2.0,-5.0814424,-0.5394102,4.194981,9.276423
2022-02-22,fold2,-1.1,-4.3572907,-0.31277737,3.7944489,8.151739
2022-02-23,fold2,0.5,-3.355848,0.70705175,4.7919335,8.147781
2022-02-24,fold2,-9.8,-3.4817622,1.211016,6.0835443,135.93007
2022-02-25,fold2,4.7,-4.4718547,0.41985157,5.684128,10.155983
2022-02-28,fold2,0.4,-3.6010597,0.5299928,4.897327,8.498386
2022-03-02,fold2,-6.2,-5.9848533,-1.2472562,3.6394463,13.927231
2022-03-03,fold2,3.5,-3.554066,1.0259722,5.3980584,8.952125
2022-03-04,fold2,1.0,-3.837778,0.7630546,5.7054276,9.543205
2022-03-07,fold2,4.9,-6.1925855,-1.1499224,4.0102916,27.997047
2022-03-08,fold2,1.5,-4.43024,1.3121111,6.691439,11.121679
2022-03-10,fold2,0.4,-4.3763633,1.5038882,7.471975,11.848338
2022-03-11,fold2,-2.6,-4.241225,1.4716105,7.363195,11.60442
2022-03-14,fold2,3.9,-4.231886,0.959657,6.5051637,10.737049
2022-03-15,fold2,1.4,-4.2123313,1.6860377,7.626938,11.83927
2022-03-16,fold2,1.5,-4.1974664,0.6909478,5.992441,10.189907
2022-03-17,fold2,-6.4,-3.6987114,0.7571211,5.461388,63.18587
2022-03-18,fold2,3.3,-3.5404427,0.45330748,4.749435,8.289878
2022-03-21,fold2,0.4,-4.082951,-0.29164785,3.8364315,7.9193826
2022-03-22,fold2,9.1,-3.4799182,1.5316957,6.4632735,62.677727
2022-03-23,fold2,-0.4,-3.740719,1.2822752,6.638698,10.379417
2022-03-24,fold2,2.8,-4.7303863,-0.3845544,4.406603,9.13699
2022-03-25,fold2,1.5,-3.4496534,0.80993795,5.1707883,8.620441
2022-03-28,fold2,16.0,-3.7246664,1.5591718,6.9679375,191.33386
2022-03-29,fold2,-5.9,-4.2881155,0.3027986,5.409397,41.935207
2022-03-30,fold2,-8.7,-4.3430676,-0.3757596,3.9070861,95.388794
2022-03-31,fold2,8.4,-4.274652,-0.4358822,3.5430858,104.95601
2022-04-01,fold2,3.8,-3.9365046,0.036015276,4.1069093,8.043414
2022-04-04,fold2,5.8,-3.4042442,1.2587589,6.0388966,9.443141
2022-04-05,fold2,1.5,-3.6433513,0.9616611,6.0030785,9.64643
2022-04-06,fold2,4.9,-4.0145793,1.6132417,7.3741164,11.388696
2022-04-07,fold2,-0.1,-4.275851,1.4280578,7.393124,11.668975
2022-04-08,fold2,4.1,-4.2895837,1.2752999,7.145626,11.435209
2022-04-11,fold2,13.6,-4.1886754,1.313046,7.0944157,141.39479
2022-04-12,fold2,0.8,-4.4261317,1.4552618,7.5111136,11.937245
2022-04-13,fold2,-2.6,-5.4053245,-0.53302175,4.6631813,10.068506
2022-04-14,fold2,-6.7,-4.0772166,0.20376098,4.509222,61.042107
2022-04-18,fold2,13.5,-3.9350004,1.6349543,7.175051,137.60902
2022-04-19,fold2,-0.5,-4.188045,0.815052,6.25833,10.446375
2022-04-20,fold2,-3.7,-3.969983,1.3813218,6.952247,10.92223
2022-04-21,fold2,-1.7,-5.096748,-0.7415895,4.0515847,9.148333
2022-04-22,fold2,1.8,-3.7091782,1.2431222,6.1515656,9.8607435
2022-04-25,fold2,-12.6,-5.2735963,0.64005303,6.7110963,158.51277
2022-04-26,fold2,0.2,-5.887951,-0.88377243,4.224336,10.1122875
2022-04-27,fold2,-0.5,-5.9915833,-0.20694171,5.1256123,11.117195
2022-04-28,fold2,-1.9,-4.2907805,1.1599313,6.50734,10.7981205
2022-04-29,fold2,7.6,-4.233781,0.9737601,6.4666023,33.368336
2022-05-02,fold2,13.8,-4.137697,1.0786413,6.5273,156.119
2022-05-03,fold2,2.6,-4.213223,1.5068722,7.363951,11.577174
2022-05-04,fold2,2.8,-4.198603,0.31891456,5.30495,9.503553
2022-05-06,fold2,-0.3,-3.9981992,-0.025108658,4.238091,8.23629
2022-05-10,fold2,-2.8,-3.982071,1.7363936,7.3161025,11.298174
2022-05-11,fold2,-13.4,-6.807382,-1.2164003,4.4495645,143.1093
2022-05-12,fold2,-10.0,-5.3319893,-0.7168455,3.6364746,102.328674
2022-05-13,fold2,5.2,-5.361849,-0.7267275,3.7249362,38.588055
2022-05-16,fold2,5.6,-3.513213,0.93534184,5.2286115,16.169594
2022-05-17,fold2,1.0,-4.4750495,-0.41332018,3.9661198,8.44117
2022-05-18,fold2,3.3,-3.3023226,1.0935713,5.4819493,8.784272
2022-05-19,fold2,-1.3,-6.06966,-1.0046948,4.1778035,10.247463
2022-05-20,fold2,-6.2,-4.3719635,-0.35138142,3.5359576,44.468647
2022-05-23,fold2,1.3,-4.5822425,-0.52327555,3.5196648,8.101908
2022-05-24,fold2,-4.4,-3.2722576,0.94270724,5.062639,30.889748
2022-05-25,fold2,-3.7,-5.450002,-0.9926777,3.6902916,9.140294
2022-05-26,fold2,6.1,-3.8160126,0.20402038,4.0807447,48.28186
2022-05-27,fold2,-2.6,-3.561075,0.34830502,4.399114,7.960189
2022-05-31,fold2,11.4,-3.4976034,0.20397174,4.137257,152.88971
2022-06-02,fold2,9.5,-3.2832286,1.3237504,6.001306,79.25841
2022-06-03,fold2,-1.6,-3.5741396,1.2077953,6.317859,9.891998
2022-06-07,fold2,13.3,-3.6883996,1.0657295,6.200468,151.87952
2022-06-08,fold2,-6.6,-3.7791708,0.8089466,5.804455,66.00021
2022-06-09,fold2,-0.1,-3.652523,1.0541877,6.075148,9.727671
2022-06-10,fold2,2.4,-4.152573,0.7572258,6.0264525,10.179026
2022-06-13,fold2,15.9,-4.342915,1.5923367,7.5926604,178.08235
2022-06-14,fold2,3.7,-5.1634727,1.8221215,8.676385,13.839857
2022-06-15,fold2,10.4,-5.15887,1.3401004,7.940741,62.284782
2022-06-16,fold2,-2.8,-6.3378887,-1.106913,4.2589135,10.596802
2022-06-17,fold2,2.8,-4.9973044,-0.27450278,4.119007,9.116312
2022-06-21,fold2,-2.0,-4.634273,-0.12093333,4.288009,8.922282
2022-06-22,fold2,-9.3,-3.5711887,0.7599494,5.059786,123.2072
2022-06-23,fold2,4.4,-6.120672,-1.2958112,3.6351593,25.052649
2022-06-24,fold2,-9.1,-5.419321,-0.84897774,3.4297597,82.46267
2022-06-27,fold2,8.5,-3.5746098,0.39713082,4.1436152,94.84592
2022-06-28,fold2,-4.0,-3.4412444,0.9667128,5.4370265,20.053383
2022-06-29,fold2,-1.3,-4.370805,0.3789804,5.329703,9.700508
2022-06-30,fold2,-3.1,-6.0723386,-1.1376859,3.804084,9.876423
2022-07-01,fold2,-14.6,-6.536709,-1.3051132,3.5376663,171.34021
2022-07-05,fold2,-11.1,-6.2507615,-1.2224413,3.38451,106.62005
2022-07-06,fold2,-8.4,-6.530274,-1.0942043,3.7833478,47.708138
2022-07-07,fold2,1.2,-4.233654,1.2296058,6.1873994,10.421053
2022-07-08,fold2,5.3,-4.3306336,1.2881582,6.982922,11.313556
2022-07-11,fold2,2.5,-4.2932916,1.3012382,7.066931,11.360222
2022-07-12,fold2,-3.6,-6.899739,-1.2038507,4.4698124,11.369551
2022-07-13,fold2,-4.8,-5.424986,-0.2612479,4.478451,9.903437
2022-07-14,fold2,-0.6,-5.5787163,-0.7714328,3.839758,9.418474
2022-07-15,fold2,-5.3,-4.224279,0.9428952,5.8090987,31.547802
2022-07-18,fold2,2.8,-4.7526736,-0.4654419,4.0262074,8.778881
2022-07-19,fold2,-1.7,-3.6759422,0.50772864,4.5733194,8.249262
2022-07-20,fold2,10.7,-3.60023,0.83115155,5.359589,115.76803
2022-07-21,fold2,1.4,-3.8161926,0.66851395,5.370189,9.186382
2022-07-22,fold2,-7.2,-6.1818786,-1.3247952,3.6474686,30.191772
2022-07-25,fold2,-9.1,-6.2790413,-1.3063592,3.324342,66.02257
2022-07-26,fold2,-2.8,-3.8715675,0.3906316,4.2538695,8.125437
2022-07-27,fold2,-6.2,-4.62742,0.17202413,4.933561,41.012577
2022-07-28,fold2,8.0,-4.7145467,-0.373585,4.00585,88.6034
2022-07-29,fold2,-7.4,-5.433988,-1.0731677,3.233486,47.987713
2022-08-01,fold2,5.7,-3.8837059,-0.17393394,3.2879257,55.413113
2022-08-02,fold2,-9.6,-5.2268224,-0.9421024,3.2393339,95.92972
2022-08-03,fold2,4.3,-3.6177158,1.4915804,6.209925,9.827641
2022-08-04,fold2,2.1,-4.7788067,-0.10771152,4.8529115,9.631718
2022-08-05,fold2,-2.8,-4.731558,-0.6380939,3.5029824,8.23454
2022-08-08,fold2,5.3,-3.599269,1.5437771,6.4396815,10.03895
2022-08-09,fold2,-1.1,-5.3924637,-0.85433483,3.9887955,9.381259
2022-08-10,fold2,4.1,-3.670756,0.7563109,5.03385,8.704606
2022-08-11,fold2,1.2,-4.0845466,-0.21212976,3.88315,7.9676967
2022-08-12,fold2,6.3,-3.3227909,1.2440503,5.768818,19.715256
2022-08-16,fold2,-12.6,-4.691508,-0.33857122,4.3329797,167.19434
2022-08-17,fold2,3.2,-4.5951867,-0.26566005,4.0309644,8.626151
2022-08-18,fold2,3.3,-3.5955665,1.1155831,5.770016,9.365582
2022-08-19,fold2,8.9,-4.65463,-0.12326211,4.6736073,93.85609
2022-08-22,fold2,3.2,-3.8931844,1.4301356,6.687878,10.581062
2022-08-23,fold2,1.9,-4.795068,1.0905834,7.1397386,11.934807
2022-08-24,fold2,7.2,-4.6106653,0.5309779,5.9003353,36.50429
2022-08-25,fold2,16.0,-4.0442266,1.0633274,6.2978187,204.38565
2022-08-26,fold2,2.3,-5.5587406,-0.9371478,3.9122646,9.471005
2022-08-29,fold2,9.9,-4.4124665,0.36503756,4.8603153,110.06647
2022-08-30,fold2,-2.0,-4.091726,1.2418603,6.5246243,10.61635
2022-08-31,fold2,2.6,-4.8231626,0.063748024,5.1548514,9.978014
2022-09-01,fold2,8.4,-3.901083,0.68570215,5.288553,71.418564
2022-09-02,fold2,-6.7,-4.026674,1.430801,6.915716,64.40891
2022-09-06,fold2,-2.6,-5.228695,-0.7114892,4.0992928,9.327988
2022-09-07,fold2,2.4,-4.044042,1.5575391,6.874162,10.918204
2022-09-08,fold2,-11.4,-5.528963,-0.77542275,4.2202697,127.16997
2022-09-13,fold2,-0.2,-3.8019378,0.30569652,4.2472115,8.0491495
2022-09-14,fold2,3.1,-3.8148477,1.4539479,6.6027102,10.417558
2022-09-15,fold2,14.0,-4.5755677,0.10502917,5.062876,188.38094
2022-09-16,fold2,-1.9,-3.9915771,0.7631008,5.528498,9.520075
2022-09-19,fold2,2.2,-4.401605,0.037779402,4.5989394,9.000545
2022-09-20,fold2,4.2,-3.7941382,0.5617707,4.888441,8.682579
2022-09-21,fold2,5.5,-3.7693336,1.0903263,5.9848275,9.754161
2022-09-22,fold2,10.6,-5.7159305,-0.7607407,4.2845063,136.31032
2022-09-23,fold2,11.5,-3.956723,1.5475211,6.723751,106.20545
2022-09-26,fold2,22.3,-6.1044984,-0.027061215,5.989294,338.3079
2022-09-27,fold2,-12.7,-5.011095,1.7351265,8.08775,166.87694
2022-09-28,fold2,12.4,-5.091739,1.3106244,7.7311883,106.19916
2022-09-29,fold2,-10.3,-7.0516105,-1.3993884,4.252342,76.27175
2022-09-30,fold2,-13.3,-4.402577,0.56547314,5.127338,187.47836
2022-10-04,fold2,-9.0,-4.2180457,0.95312995,6.0520344,105.909164
2022-10-05,fold2,9.6,-6.4180493,-1.3642443,3.7490427,127.18625
2022-10-06,fold2,0.0,-3.920407,1.3044897,6.1127906,10.033197
2022-10-07,fold2,11.2,-4.6321425,1.1266767,6.901455,97.5045
2022-10-11,fold2,9.2,-4.6270947,1.0158356,6.7269764,60.814537
2022-10-12,fold2,-19.6,-4.945808,0.8216789,6.610863,304.6405
2022-10-13,fold2,12.9,-5.504289,-0.18074636,5.12875,166.05803
2022-10-14,fold2,-5.8,-3.9251966,0.6108914,4.9918923,46.413162
2022-10-17,fold2,3.4,-4.254064,0.42638782,5.0631447,9.317209
2022-10-18,fold2,6.2,-3.8368723,0.18373872,4.1935062,48.160248
2022-10-19,fold2,11.9,-4.0831614,-0.048355553,3.919294,167.61656
2022-10-20,fold2,4.3,-3.486537,1.1616746,5.6357,9.122237
2022-10-21,fold2,19.3,-3.6014702,1.0033954,5.7490783,280.36896
2022-10-24,fold2,-12.9,-4.20781,-0.13750798,4.1376123,182.18924
2022-10-25,fold2,-15.7,-3.6855018,0.5244466,4.6138268,248.58928
2022-10-26,fold2,-6.7,-5.524236,-1.019602,3.536066,32.575577
2022-10-27,fold2,3.4,-4.4377494,-0.58111835,3.0597458,14.302582
2022-10-28,fold2,-14.6,-5.499166,-1.0197796,3.237858,190.75371
2022-10-31,fold2,7.5,-3.666942,0.29932955,3.908863,79.398544
2022-11-01,fold2,-10.7,-3.515568,0.8310945,5.099724,152.30394
2022-11-02,fold2,0.8,-4.389402,-0.35599682,3.8138168,8.203218
2022-11-03,fold2,5.4,-3.6042376,0.26951048,3.9977162,35.64763
2022-11-04,fold2,-1.5,-3.7298527,0.4506537,4.595864,8.325716
2022-11-07,fold2,7.6,-3.5481014,0.17870314,3.9812412,79.90452
2022-11-08,fold2,-2.2,-3.3265486,0.43076542,4.2023635,7.528912
2022-11-09,fold2,-5.9,-4.716573,-0.65711004,3.4959795,31.88109
2022-11-10,fold2,-10.7,-4.4056315,-0.32747707,3.5395498,133.83255
2022-11-14,fold2,-14.2,-6.4748535,-1.4015332,3.4436805,164.42146
2022-11-15,fold2,-6.7,-3.5418787,0.14302652,3.4138582,70.11816
2022-11-16,fold2,3.5,-5.3367095,-0.97050697,3.2908905,12.809791
2022-11-17,fold2,-4.3,-6.2434173,-1.3031588,3.2960074,9.539425
2022-11-18,fold2,-5.2,-3.8312216,0.68881696,4.723949,35.930733
2022-11-21,fold2,-3.7,-3.8539257,0.58227366,5.067723,8.921648
2022-11-22,fold2,0.9,-4.4039817,0.091670334,4.6689754,9.072957
2022-11-23,fold2,0.1,-5.173096,-0.9253884,3.3602822,8.533379
2022-11-25,fold2,-15.1,-4.7593303,-0.7509659,3.0648148,214.63753
2022-11-28,fold2,-1.7,-4.5796194,-0.63374823,3.0897758,7.6693954
2022-11-29,fold2,6.7,-4.238886,-0.13247646,3.6633508,68.635216
2022-11-30,fold2,-0.6,-3.5664206,0.57088834,4.5448256,8.111246
2022-12-01,fold2,-0.4,-5.1386495,-0.9045593,3.429712,8.568361
2022-12-02,fold2,-8.0,-5.7627425,-1.2043215,3.1197917,53.62768
2022-12-05,fold2,-3.4,-4.467031,-0.5796974,2.9832957,7.450327
2022-12-06,fold2,-4.5,-3.6005595,0.94520426,5.189379,26.778751
2022-12-07,fold2,1.9,-6.3967285,-1.2907745,3.7893088,10.186037
2022-12-08,fold2,0.7,-6.139235,-1.1822505,3.333807,9.473042
2022-12-09,fold2,-3.9,-3.866956,0.23162429,3.849129,8.376966
2022-12-12,fold2,-4.3,-3.6675742,1.0600177,5.627338,21.943432
2022-12-13,fold2,2.1,-4.4491134,0.7527461,6.031185,10.480299
2022-12-14,fold2,-6.3,-5.6205506,-1.0249639,3.683253,22.892796
2022-12-15,fold2,-2.6,-4.5186353,-0.4232352,3.3931782,7.9118137
2022-12-16,fold2,-2.0,-5.880956,-1.0070648,3.556276,9.437232
2022-12-19,fold2,3.5,-4.059892,0.19398136,4.0266056,8.086498
2022-12-20,fold2,20.8,-3.6280134,0.9215186,5.3313346,318.33264
2022-12-21,fold2,-3.7,-3.710102,1.1708823,6.1198163,9.829918
2022-12-22,fold2,-7.1,-4.5136147,-0.12496314,4.5014653,60.742786
2022-12-23,fold2,5.7,-4.7411885,-0.32757092,3.9493787,43.702988
2022-12-27,fold2,5.9,-3.593775,0.68229836,4.768411,30.993965
2022-12-28,fold2,6.2,-3.7206814,0.9568221,5.6436863,20.490639
2022-12-29,fold2,5.3,-4.2610793,0.54580283,5.4552865,9.716366
2023-02-16,fold3,0.5,-4.2566023,0.7980685,5.8671784,10.123781
2023-02-17,fold3,15.0,-4.268856,0.9907034,6.298746,184.59268
2023-02-21,fold3,-2.6,-6.348686,-0.74408704,4.4117646,10.76045
2023-02-22,fold3,3.9,-3.883641,1.6847466,7.0382843,10.921926
2023-02-23,fold3,-4.4,-6.3729615,-0.46858096,5.073954,11.446916
2023-02-24,fold3,-7.0,-6.4202867,-0.8718732,3.9424267,21.95698
2023-02-27,fold3,9.4,-4.160557,1.1307107,6.044934,77.30681
2023-02-28,fold3,13.4,-6.250095,-0.6462086,4.4836063,189.06157
2023-03-02,fold3,8.7,-4.941063,-0.09985655,4.2570624,98.05688
2023-03-03,fold3,-6.4,-3.6130428,1.6784369,6.861313,66.2135
2023-03-06,fold3,-4.5,-7.1115537,-1.2192398,4.159123,11.270677
2023-03-07,fold3,-7.0,-4.487887,0.085617125,4.1677575,58.897907
2023-03-08,fold3,5.9,-5.667766,-0.23745036,4.589035,36.476105
2023-03-09,fold3,1.9,-5.03952,-0.0662535,4.3923993,9.431919
2023-03-10,fold3,-15.5,-6.769903,-0.83127433,4.1359334,185.50777
2023-03-13,fold3,-17.9,-8.301566,-1.4469813,4.0860066,204.35625
2023-03-14,fold3,-6.8,-8.11605,-1.3564405,3.9456224,12.061672
2023-03-15,fold3,8.1,-4.7469945,0.71270066,5.3022056,66.0051
2023-03-16,fold3,-2.4,-8.4202,-1.3273443,4.457426,12.877626
2023-03-17,fold3,1.2,-4.8522296,0.28847143,4.566151,9.418381
2023-03-20,fold3,-10.2,-8.268315,-1.4054424,4.17454,51.076546
2023-03-21,fold3,0.0,-4.446799,0.75348884,5.1223927,9.569191
2023-03-22,fold3,-1.7,-3.9398572,1.4883565,6.6983566,10.638214
2023-03-23,fold3,-2.1,-7.5827794,-1.2557611,4.234537,11.817316
2023-03-24,fold3,-5.6,-6.8730035,-1.1148955,3.5344524,10.407455
2023-03-27,fold3,4.8,-5.2915473,-0.19335008,4.0242076,24.831608
2023-03-28,fold3,2.3,-3.6757536,1.6218957,6.5007234,10.176477
2023-03-29,fold3,-0.1,-4.7210035,0.4340149,5.4719925,10.192996
2023-03-30,fold3,2.5,-4.4151025,0.3650953,4.981169,9.396272
2023-03-31,fold3,3.5,-5.088185,-0.33033836,4.0720634,9.160248
2023-04-03,fold3,4.9,-6.2496543,-1.0294433,3.4275322,39.126545
2023-04-04,fold3,-7.3,-5.8599763,-0.8544953,3.2847507,37.945206
2023-04-05,fold3,1.0,-6.631296,-1.1431412,3.2857497,9.917046
2023-04-06,fold3,-4.8,-6.263654,-0.9354837,3.3148687,9.578523
2023-04-10,fold3,-4.2,-4.92464,-0.24618031,3.649131,8.573771
2023-04-11,fold3,1.9,-3.6997662,1.4832125,6.1743836,9.874149
2023-04-12,fold3,0.7,-4.735367,0.44949487,5.435276,10.170643
2023-04-13,fold3,1.1,-5.171039,-0.35057417,4.083564,9.254602
2023-04-14,fold3,1.3,-3.4991143,0.50750846,4.2821193,7.781234
2023-04-17,fold3,6.3,-3.3198097,1.1313672,5.533531,24.18272
2023-04-18,fold3,0.3,-3.6302958,1.3228816,6.4025574,10.032853
2023-04-19,fold3,1.8,-5.0081286,-0.35928878,4.205773,9.2139015
2023-04-20,fold3,3.9,-3.7929823,0.18272926,3.9848108,7.777793
2023-04-21,fold3,-6.6,-5.3532715,-0.85695034,3.206732,33.49457
2023-04-24,fold3,-3.7,-3.5968373,0.13980198,3.5199394,9.180032
2023-04-25,fold3,1.7,-5.1322613,-0.81370884,3.0028448,8.135106
2023-04-26,fold3,-1.4,-6.7405,-1.3852817,3.0293045,9.769804
2023-04-27,fold3,3.3,-3.9027216,-0.11744931,3.0740938,11.494938
2023-04-28,fold3,1.8,-3.1256416,1.0014862,4.754605,7.880246
2023-05-02,fold3,1.2,-6.0256996,-1.1336609,3.2543821,9.280082
2023-05-03,fold3,-4.8,-4.2193413,-0.2717118,3.102762,18.935282
2023-05-04,fold3,-4.6,-5.342871,-0.9133827,2.8304803,8.173351
2023-05-08,fold3,3.2,-4.2259955,-0.33926782,2.944727,12.276184
2023-05-09,fold3,0.8,-3.0652752,1.0870024,4.8216176,7.886893
2023-05-10,fold3,2.3,-4.105709,0.16980024,4.2509923,8.356701
2023-05-11,fold3,-4.9,-6.089081,-1.211285,3.0622292,9.15131
2023-05-12,fold3,-1.8,-5.1393504,-0.86012536,2.7370155,7.8763657
2023-05-15,fold3,5.8,-3.2557824,0.53201646,3.8457253,46.187008
2023-05-16,fold3,-2.9,-3.4481285,0.5196176,4.2410545,7.689183
2023-05-17,fold3,1.6,-3.4512806,0.56282943,4.402992,7.8542724
2023-05-18,fold3,4.8,-3.7089424,0.28434178,4.140624,21.03709
2023-05-19,fold3,5.2,-3.2173293,0.90548474,4.9349284,13.453686
2023-05-22,fold3,-2.1,-3.3554585,0.6854587,4.7777762,8.133235
2023-05-23,fold3,7.5,-3.7392101,0.2900363,4.2917256,72.19643
2023-05-24,fold3,2.9,-4.5157356,-0.4261411,3.4071229,7.922858
2023-05-25,fold3,9.5,-3.4395726,0.30289742,3.7632132,121.93852
2023-05-26,fold3,4.2,-3.2060115,1.2302436,5.546657,8.752668
2023-05-30,fold3,1.2,-4.8721766,-0.5229275,3.6644638,8.53664
2023-05-31,fold3,-11.9,-5.9758987,-1.2138017,2.9374073,127.395325
2023-06-01,fold3,1.7,-5.5901895,-0.95951873,2.8802092,8.470399
2023-06-02,fold3,-5.4,-4.7276707,-0.66841465,2.7699769,20.944237
2023-06-05,fold3,6.6,-3.2405646,0.7088842,4.2260246,54.9461
2023-06-07,fold3,-3.9,-4.431406,-0.029272726,4.0515113,8.482918
2023-06-08,fold3,11.0,-3.3016768,1.0838867,5.283857,122.908394
2023-06-09,fold3,-1.9,-5.8463235,-0.9162819,3.6040878,9.450411
2023-06-12,fold3,-3.7,-3.957886,0.14330614,3.8021886,7.7600746
2023-06-13,fold3,0.2,-5.1208878,-0.45287934,3.6869373,8.807825
2023-06-14,fold3,5.7,-3.331383,1.1474718,5.3586984,15.51611
2023-06-15,fold3,5.0,-4.851544,-0.1976148,4.266634,23.785498
2023-06-16,fold3,-2.8,-6.7228947,-1.2766519,3.4068058,10.129701
2023-06-20,fold3,-1.5,-3.8239925,0.36449233,4.0502486,7.874241
2023-06-21,fold3,-2.1,-5.7495747,-0.7157263,3.707143,9.4567175
2023-06-22,fold3,2.6,-5.091574,-0.59335625,3.2740796,8.365654
2023-06-23,fold3,1.6,-3.4807022,0.9775644,5.050774,8.531476
2023-06-26,fold3,-5.2,-6.561031,-1.0661427,3.7777302,10.338761
2023-06-27,fold3,-0.8,-5.3064613,-0.52001363,3.51918,8.825642
2023-06-28,fold3,0.8,-3.8682358,0.6768711,4.7525296,8.620766
2023-06-29,fold3,1.5,-6.578762,-1.083475,3.6790817,10.257844
2023-06-30,fold3,4.9,-3.6624448,1.4360927,6.1031384,9.765583
2023-07-03,fold3,-6.8,-6.2493663,-0.7768261,4.2035213,21.465565
2023-07-05,fold3,3.7,-3.9579914,0.6739919,4.929625,8.887616
2023-07-06,fold3,6.9,-3.801336,1.3860713,6.538765,17.564804
2023-07-07,fold3,4.8,-4.263251,1.5005928,7.3779297,11.64118
2023-07-10,fold3,10.2,-5.207934,0.07490795,5.2873206,108.74884
2023-07-11,fold3,-10.5,-6.045008,-0.7760706,3.9586942,99.10354
2023-07-12,fold3,-0.2,-5.08796,-0.39262757,3.7778728,8.865832
2023-07-13,fold3,-9.9,-6.7336483,-1.2717052,3.3878338,73.44851
2023-07-14,fold3,2.8,-6.544216,-1.2027884,3.2041767,9.748393
2023-07-17,fold3,-2.5,-3.8135653,0.55988765,4.434919,8.248484
2023-07-18,fold3,-0.9,-5.470775,-0.45963117,4.021133,9.491908
2023-07-19,fold3,-7.6,-4.98502,-0.3612667,3.679323,60.963936
2023-07-20,fold3,3.1,-6.115865,-0.9372535,3.382447,9.498312
2023-07-21,fold3,3.0,-3.687824,1.1368409,5.477766,9.16559
2023-07-24,fold3,0.4,-5.6150284,-0.3558444,4.4783726,10.093401
2023-07-25,fold3,4.4,-4.4177775,0.23513365,4.4855537,8.903332
2023-07-26,fold3,-2.6,-3.9402854,0.8801467,5.5200276,9.460313
2023-07-27,fold3,-2.1,-6.1277175,-0.8678395,3.9098847,10.037602
2023-07-28,fold3,9.1,-3.5661,1.5808767,6.4606075,62.814564
2023-07-31,fold3,3.3,-6.26597,-0.8641052,4.170265,10.436235
2023-08-01,fold3,-3.4,-4.4630795,0.069015525,4.1756616,8.638741
2023-08-02,fold3,6.6,-3.8129282,1.2886144,6.2306314,17.430931
2023-08-03,fold3,6.8,-5.021815,0.61052006,6.1565795,24.046808
2023-08-04,fold3,1.5,-4.127178,1.4432892,7.080116,11.207294
2023-08-07,fold3,-6.2,-7.6361747,-1.2834414,4.38198,12.018154
2023-08-08,fold3,-7.4,-4.4642825,0.42336822,4.8265233,68.00516
2023-08-09,fold3,3.4,-6.824543,-1.1130272,3.8864634,10.711006
2023-08-10,fold3,1.2,-5.2212853,-0.44969353,3.6930249,8.91431
2023-08-11,fold3,3.8,-3.5750191,1.0954763,5.4962482,9.071267
2023-08-14,fold3,6.5,-4.063329,1.1001058,6.313227,14.112013
2023-08-16,fold3,-2.2,-4.799793,0.4335234,5.6241317,10.423924
2023-08-17,fold3,10.9,-4.0404286,1.3224726,6.7067857,94.611496
2023-08-18,fold3,-6.2,-5.312685,0.34209466,5.8795924,28.938574
2023-08-21,fold3,5.9,-6.207274,-0.7451008,4.172846,44.923203
2023-08-22,fold3,1.3,-3.856427,1.0515822,5.70969,9.566117
2023-08-23,fold3,-6.6,-5.2497573,-0.07485228,4.8737893,37.1284
2023-08-24,fold3,-4.2,-7.2460103,-1.3529533,3.7446358,10.990646
2023-08-25,fold3,5.7,-4.3937283,0.48349723,4.772185,27.722212
2023-08-28,fold3,-6.3,-4.735285,0.19635296,4.835786,40.86538
2023-08-29,fold3,-2.8,-5.959249,-0.87291306,3.657437,9.616686
2023-08-30,fold3,0.6,-6.268528,-1.0914466,3.2853088,9.553837
2023-08-31,fold3,-2.9,-4.5596194,-0.24458492,3.5099385,8.069558
2023-09-01,fold3,-4.3,-5.6370425,-0.7159774,3.4749756,9.112019
2023-09-05,fold3,10.8,-3.7400815,1.0167999,5.3425555,118.23153
2023-09-06,fold3,0.7,-4.0972905,1.3456255,6.7294946,10.826785
2023-09-07,fold3,7.6,-5.1459866,0.40855512,5.8562856,45.876556
2023-09-08,fold3,-7.4,-6.0925827,-0.69129324,4.185057,36.425987
2023-09-11,fold3,6.6,-5.106895,-0.3461478,3.8893862,63.208553
2023-09-12,fold3,0.4,-4.074096,0.408228,4.539713,8.61381
2023-09-13,fold3,-1.6,-5.36919,-0.37961698,4.1342964,9.503487
2023-09-14,fold3,-3.2,-5.1133504,-0.46949258,3.6454818,8.758832
2023-09-15,fold3,1.1,-3.9296982,0.5401613,4.646943,8.576641
2023-09-18,fold3,5.4,-4.045956,0.76107794,5.4185185,9.464475
2023-09-19,fold3,-3.0,-5.295449,-0.25163898,4.461455,9.756904
2023-09-20,fold3,1.1,-3.950538,0.7384631,5.196829,9.147367
2023-09-21,fold3,6.8,-5.4850526,-0.34560728,4.3939424,58.00015
2023-09-22,fold3,-3.0,-3.9178793,1.6818117,7.045631,10.9635105
2023-09-25,fold3,1.1,-6.736792,-0.8353839,4.5688415,11.305634
2023-09-26,fold3,4.2,-4.077471,1.3700556,6.5452075,10.622679
2023-09-27,fold3,-2.4,-5.8911037,0.17660578,5.9149394,11.806044
2023-10-04,fold3,32.1,-4.9532046,0.69270676,6.0767627,531.4947
2023-10-05,fold3,-2.9,-4.4297643,1.5835763,7.5829735,12.012737
2023-10-06,fold3,-8.2,-6.492866,-0.35761288,5.3557315,45.991276
2023-10-10,fold3,-2.1,-4.287605,0.6891098,5.471788,9.759393
2023-10-11,fold3,-7.7,-7.174188,-1.2247633,4.04477,21.735191
2023-10-12,fold3,-4.1,-6.5472903,-1.018569,3.6169872,10.164278
2023-10-13,fold3,6.8,-4.002445,1.3447007,6.311231,20.089058
2023-10-16,fold3,2.2,-7.540136,-1.0297493,4.6653657,12.205502
2023-10-17,fold3,3.3,-4.280891,0.7193723,5.3115883,9.59248
2023-10-18,fold3,6.3,-3.9025013,1.4898214,6.9271145,10.829616
2023-10-19,fold3,7.5,-4.6510444,1.3281865,7.4148827,13.768274
2023-10-20,fold3,-3.5,-4.8843894,1.114778,7.1538525,12.038242
2023-10-23,fold3,4.7,-6.8768673,-0.65123945,4.9569945,11.833862
2023-10-24,fold3,-10.5,-6.6205273,-0.87898344,4.0292,88.23918
2023-10-25,fold3,1.2,-6.033817,-0.59747356,4.0447307,10.0785475
2023-10-26,fold3,11.1,-4.164351,1.4296803,6.677035,99.3007
2023-10-27,fold3,-11.2,-7.627983,-1.1199282,4.5925446,83.660866
2023-10-30,fold3,3.2,-5.9251328,-0.36374626,4.3521495,10.277283
2023-10-31,fold3,1.3,-4.64483,0.50335675,5.1793733,9.8242035
2023-11-01,fold3,-3.7,-5.6560674,-0.20792179,4.7356973,10.391765
2023-11-02,fold3,-12.0,-7.128292,-1.2300091,3.785138,108.34759
2023-11-03,fold3,-6.3,-6.641893,-1.1098467,3.4254007,10.067293
2023-11-06,fold3,-4.9,-6.521502,-1.1157314,3.2747908,9.796293
2023-11-07,fold3,-0.1,-3.8794775,0.72770685,4.811362,8.69084
2023-11-08,fold3,-3.3,-7.1574974,-1.2429849,3.7881582,10.945656
2023-11-09,fold3,-7.7,-6.852489,-1.1841038,3.3639386,27.166645
2023-11-13,fold3,6.0,-4.024462,1.1227578,5.6581073,16.520424
2023-11-14,fold3,-2.5,-5.5361543,0.010047103,5.114161,10.650315
2023-11-15,fold3,-16.5,-7.6570697,-1.4240313,3.7996762,188.31534
2023-11-16,fold3,-1.6,-4.0903964,0.7725887,5.010201,9.100597
2023-11-17,fold3,-0.3,-7.0416703,-1.1547881,3.8818836,10.923553
2023-11-20,fold3,-4.1,-5.1285667,-0.36523542,3.635443,8.764009
2023-11-21,fold3,-2.9,-5.114383,-0.39872852,3.6036675,8.718051
2023-11-22,fold3,3.6,-5.031523,-0.28562787,3.7484381,8.779962
2023-11-24,fold3,1.7,-4.833575,-0.01597107,4.1561313,8.989706
2023-11-27,fold3,-1.2,-3.995856,0.6523272,4.9161377,8.911994
2023-11-28,fold3,-4.1,-6.756378,-1.1184047,3.7314894,10.487867
2023-11-29,fold3,-8.5,-5.790875,-0.80038357,3.3030593,63.276436
2023-11-30,fold3,5.8,-6.552166,-1.0871547,3.3028867,59.79732
2023-12-01,fold3,0.0,-3.998555,1.0001174,5.356397,9.354952
2023-12-04,fold3,-7.3,-7.607529,-1.3948197,3.8612359,11.468765
2023-12-05,fold3,-4.7,-4.535171,0.6417983,5.0182385,12.849985
2023-12-06,fold3,-4.6,-7.4041705,-1.3014086,3.821929,11.226099
2023-12-07,fold3,4.3,-6.422531,-0.95758134,3.4101698,27.629309
2023-12-08,fold3,-4.2,-4.8199973,0.07801851,4.152423,8.97242
2023-12-11,fold3,3.2,-4.0009074,1.1734272,5.9190726,9.91998
2023-12-12,fold3,-3.9,-5.6483293,-0.10340569,4.983709,10.632038
2023-12-13,fold3,-0.2,-5.8212776,-0.6791367,3.8111455,9.632423
2023-12-14,fold3,-19.3,-7.62994,-1.4368677,3.624258,244.65538
2023-12-15,fold3,2.6,-6.7865815,-1.1857471,3.274701,10.061283
2023-12-18,fold3,-2.2,-5.3227463,-0.4346846,3.5686233,8.89137
2023-12-19,fold3,-0.8,-4.3748746,0.5170854,4.7558475,9.130722
2023-12-20,fold3,-4.8,-5.570048,-0.4590855,3.9912853,9.561333
2023-12-21,fold3,1.7,-6.630759,-1.0579349,3.5042093,10.134968
2023-12-22,fold3,0.4,-4.363779,0.2730806,4.1971827,8.560962
2023-12-26,fold3,-3.0,-4.6482124,0.1757769,4.4754357,9.123648
2023-12-27,fold3,-1.1,-5.127626,-0.25030735,4.0519047,9.179531
2023-12-28,fold3,-7.7,-6.651159,-1.2094655,3.3404398,30.968418
2024-01-02,fold3,12.3,-3.9285667,0.52792495,4.377569,166.75476
2024-01-03,fold3,3.2,-3.8935115,1.5763307,6.812843,10.706354
2024-01-04,fold3,-5.0,-6.8161654,-0.8516361,4.519474,11.33564
2024-01-05,fold3,5.6,-3.9696217,1.0112787,5.680883,9.650505
2024-01-08,fold3,0.0,-4.1305447,0.977801,6.1443095,10.274855
2024-01-09,fold3,-2.1,-6.138426,-0.74149674,4.242464,10.38089
2024-01-10,fold3,2.3,-4.732101,0.0418022,4.3769994,9.1091
2024-01-11,fold3,-3.9,-4.5586734,0.2873647,4.8078628,9.366536
2024-01-12,fold3,-0.1,-6.48214,-1.0303093,3.7512977,10.233438
2024-01-16,fold3,1.6,-5.179273,-0.4254038,3.6684783,8.847752
2024-01-17,fold3,4.7,-3.9951994,1.5480256,6.7034473,10.698647
2024-01-18,fold3,1.1,-5.5057254,0.4499184,6.1878257,11.693551
2024-01-19,fold3,4.2,-4.8003926,0.4788901,5.576965,10.3773575
2024-01-22,fold3,-5.0,-4.989487,0.066053934,4.874595,10.074339
2024-01-23,fold3,0.0,-6.0363297,-0.7484918,3.9460342,9.982364
2024-01-24,fold3,2.8,-4.4836354,0.38480487,4.815783,9.299418
2024-01-25,fold3,1.9,-4.202377,0.70581317,5.43409,9.636467
2024-01-26,fold3,-3.3,-6.447414,-0.79323775,4.262741,10.7101555
2024-01-29,fold3,5.0,-4.7328897,0.04157513,4.312429,22.79674
2024-01-30,fold3,-8.6,-6.7582664,-1.0751165,3.7777927,47.37074
2024-01-31,fold3,-0.5,-5.330733,-0.45159212,3.7055905,9.036324
2024-02-01,fold3,-0.6,-6.236962,-1.0190414,3.343065,9.580027
2024-02-02,fold3,-5.2,-6.676308,-1.2970749,3.1208496,9.797157
2024-02-05,fold3,8.7,-3.5273015,1.2286867,5.512083,72.79772
2024-02-06,fold3,0.8,-3.7687721,1.6171774,6.998794,10.767567
2024-02-07,fold3,-0.4,-6.316993,-1.0401796,3.8943517,10.211345
2024-02-08,fold3,2.2,-4.198095,-0.17603506,3.4723256,7.6704206
2024-02-13,fold3,5.3,-3.343993,0.85448724,4.829452,17.584408
2024-02-14,fold3,4.9,-3.495393,1.76537,7.039145,10.534538
2024-02-15,fold3,-2.5,-5.838075,-0.67043537,4.287618,10.125693
2024-02-16,fold3,0.5,-5.017796,-0.49487507,3.587773,8.605569
2024-02-20,fold3,0.7,-3.5679739,0.9332698,5.177154,8.745128
2024-02-21,fold3,-1.5,-5.6044984,-0.459095,4.290682,9.89518
2024-02-22,fold3,-5.0,-3.72188,0.60027534,4.693855,33.978134
2024-02-23,fold3,4.4,-4.172154,0.10947353,4.287559,10.708534
2024-02-26,fold3,-6.6,-5.891699,-0.9940135,3.3567133,23.414433
2024-02-27,fold3,2.8,-4.032272,0.20413022,3.9755542,8.007826
2024-02-28,fold3,1.2,-3.9128253,0.6082416,4.8773417,8.790167
2024-02-29,fold3,3.3,-5.8619914,-0.7336841,3.8723078,9.734299
2024-03-04,fold3,-4.1,-5.0604854,-0.46503246,3.5504332,8.610918
2024-03-05,fold3,-2.5,-4.9017634,-0.55809766,3.2397697,8.141533
2024-03-06,fold3,-2.8,-6.137472,-1.1489878,3.0251753,9.162647
2024-03-07,fold3,1.8,-4.472894,-0.4627994,2.9856155,7.4585094
2024-03-08,fold3,-6.5,-4.453029,-0.40275976,3.1317766,48.52422
2024-03-11,fold3,0.8,-4.07407,-0.15432768,3.3075104,7.3815804
2024-03-12,fold3,-0.7,-3.8882368,0.053056717,3.5829175,7.471154
2024-03-13,fold3,-0.4,-3.3555539,0.6806013,4.4217467,7.777301
2024-03-14,fold3,2.3,-3.5544202,0.5282318,4.466129,8.020549
2024-03-15,fold3,5.6,-3.2401905,1.2703311,5.7494855,8.9896755
2024-03-18,fold3,2.5,-4.0177374,0.4225959,4.9224815,8.940219
2024-03-19,fold3,3.7,-3.7473402,0.43648446,4.597481,8.344821
2024-03-20,fold3,-2.1,-5.124546,-0.6954296,3.4387264,8.563272
2024-03-21,fold3,-4.0,-4.5628867,-0.57205445,3.028649,7.5915356
2024-03-22,fold3,-4.9,-3.8774748,-0.13247228,3.2516496,27.579632
2024-03-25,fold3,0.8,-5.195846,-0.8559186,2.9292486,8.125094
2024-03-26,fold3,2.7,-3.517299,0.1289774,3.373005,6.8903036
2024-03-27,fold3,-2.4,-4.1287255,-0.19103916,3.3915284,7.520254
2024-03-28,fold3,0.4,-4.80839,-0.7042303,2.9074783,7.7158685
2024-04-01,fold3,0.4,-3.8724012,-0.21574253,3.0026696,6.8750706
2024-04-02,fold3,4.4,-3.0303993,1.3141356,5.3447404,8.375139
2024-04-03,fold3,2.7,-3.7259324,0.6235041,4.9876027,8.713535
2024-04-04,fold3,0.5,-4.027619,0.007681156,3.9470222,7.974641
2024-04-05,fold3,-2.4,-4.905102,-0.67004466,3.1402242,8.045326
2024-04-08,fold3,5.5,-3.1143792,0.82985157,4.4840245,27.917913
2024-04-09,fold3,1.5,-3.5446186,0.52338934,4.566111,8.110729
2024-04-11,fold3,8.2,-5.2673163,-0.81704026,3.2839186,106.87286
2024-04-12,fold3,-4.7,-3.246802,1.6968722,6.373734,38.68449
2024-04-15,fold3,2.3,-6.278315,-0.96994495,3.9745781,10.252893
2024-04-16,fold3,5.7,-3.3775082,1.2867513,5.7466664,9.124174
2024-04-17,fold3,1.4,-4.1207542,0.6566946,5.557888,9.678642
2024-04-18,fold3,-7.0,-5.9856987,-1.01722,3.564665,29.83639
2024-04-19,fold3,2.1,-3.4528558,0.46272063,4.0917106,7.544566
2024-04-22,fold3,6.7,-4.4911137,-0.262356,3.730322,67.61499
2024-04-23,fold3,-2.5,-4.083262,-0.19221313,3.3962238,7.4794855
2024-04-24,fold3,2.0,-3.942792,-0.19244532,3.2418745,7.1846666
2024-04-25,fold3,6.2,-3.2576153,0.51918906,4.0230365,50.81992
2024-04-26,fold3,-1.3,-3.2884274,0.69223815,4.571118,7.859545
2024-04-29,fold3,1.0,-4.530417,-0.4154249,3.4762821,8.006699
2024-04-30,fold3,-4.8,-4.429893,-0.5887881,2.853389,14.685426
2024-05-02,fold3,-1.8,-3.205552,0.7854313,4.423285,7.628837
2024-05-03,fold3,-2.4,-6.2520556,-1.1762801,3.299022,9.551078
2024-05-07,fold3,-7.8,-5.699599,-1.059501,2.8178952,50.52552
2024-05-08,fold3,-0.6,-4.8252006,-0.61307395,2.936731,7.7619314
2024-05-09,fold3,2.6,-4.1731715,-0.040892493,3.5211518,7.6943235
2024-05-10,fold3,-1.8,-5.148581,-0.6305198,3.259587,8.408168
2024-05-13,fold3,1.6,-3.5946567,0.5588444,4.2628465,7.857503
2024-05-14,fold3,-0.8,-4.7989426,-0.37689266,3.6667137,8.465656
2024-05-16,fold3,-8.8,-4.7658386,-0.5971686,3.091561,88.54063
2024-05-17,fold3,-0.4,-5.3984566,-0.91916865,2.8630524,8.261509
2024-05-20,fold3,4.3,-3.6304333,0.3084382,3.74782,18.42186
2024-05-21,fold3,-0.6,-3.927962,0.4136244,4.43047,8.358432
2024-05-22,fold3,-1.3,-5.1263547,-0.6768422,3.3661416,8.4924965
2024-05-23,fold3,-0.6,-3.7707806,0.08024287,3.5379512,7.308732
2024-05-24,fold3,4.3,-3.4261131,0.57439417,4.3229575,7.7490706
2024-05-28,fold3,-3.4,-4.317204,-0.27114454,3.5404155,7.8576193
2024-05-29,fold3,5.5,-3.104122,0.9407179,4.7910576,22.074028
2024-05-30,fold3,2.8,-3.4179363,1.1588992,5.8074384,9.225374
2024-05-31,fold3,1.4,-5.64953,-0.81313854,3.7308064,9.380337
2024-06-03,fold3,-4.6,-4.873181,-0.7245424,2.991275,7.864456
2024-06-04,fold3,-6.2,-6.0650406,-1.2323352,2.851897,11.616122
2024-06-05,fold3,-4.0,-5.8234725,-1.163499,2.7064192,8.529892
2024-06-07,fold3,-4.5,-4.8389697,-0.7930377,2.6312034,7.470173
2024-06-10,fold3,4.8,-3.2060099,1.0155979,4.833355,8.039365
2024-06-11,fold3,-0.8,-3.8146,0.5145092,4.782284,8.596884
2024-06-12,fold3,-4.3,-6.002622,-1.1436874,3.2344148,9.237037
2024-06-13,fold3,-3.7,-5.497982,-1.0654545,2.7037437,8.201726
2024-06-14,fold3,-4.3,-5.478024,-1.0661672,2.6301677,8.1081915
2024-06-17,fold3,-1.9,-4.948443,-0.81254894,2.6708267,7.6192694
2024-06-18,fold3,-0.4,-3.2698238,0.48324904,3.8132827,7.0831065
2024-06-20,fold3,-1.0,-5.336504,-0.912909,3.0193818,8.3558855
2024-06-21,fold3,-1.4,-3.5977058,0.08828789,3.3390229,6.9367285
2024-06-24,fold3,0.9,-3.9703448,-0.11229622,3.3921664,7.362511
2024-06-25,fold3,0.7,-3.836961,-0.08916815,3.2943451,7.131306
2024-06-26,fold3,0.7,-4.375048,-0.45081297,3.0506773,7.4257255
2024-06-27,fold3,2.2,-3.0519152,0.8710281,4.4714003,7.5233154
2024-06-28,fold3,-3.4,-4.7931943,-0.5636177,3.3638828,8.157077
2024-07-01,fold3,4.6,-3.1133273,0.69644505,4.2311335,14.721789
2024-07-02,fold3,-2.3,-3.1533763,1.380005,5.9209304,9.0743065
2024-07-03,fold3,-1.5,-5.32719,-0.6736157,3.782197,9.109386
2024-07-05,fold3,-4.7,-5.1504726,-0.8792508,2.9179013,8.068374
2024-07-08,fold3,-1.5,-5.3759556,-1.0023652,2.7339847,8.109941
2024-07-09,fold3,-2.1,-3.9294512,-0.275375,2.9300776,6.8595285
2024-07-10,fold3,0.7,-3.5817633,0.15302561,3.5154178,7.0971813
2024-07-11,fold3,3.6,-4.263109,-0.3471848,3.1969986,15.520134
2024-07-12,fold3,-5.7,-5.3696904,-1.0040922,2.7457945,14.721673
2024-07-15,fold3,0.0,-4.119653,-0.4516195,2.7425175,6.8621707
2024-07-16,fold3,-4.0,-3.1995583,0.5007328,3.82315,23.031544
2024-07-17,fold3,0.2,-5.3736477,-0.92399836,3.0269973,8.400645
2024-07-18,fold3,-0.1,-4.0295234,-0.2967687,2.957032,6.986555
2024-07-19,fold3,1.8,-3.3000517,0.5504728,4.022529,7.322581
2024-07-22,fold3,-1.1,-3.4114525,0.7744582,4.799744,8.211197
2024-07-23,fold3,2.6,-4.0637183,0.0397833,4.0132403,8.076959
2024-07-24,fold3,-4.0,-4.19083,-0.26025182,3.3892248,7.580055
2024-07-25,fold3,-0.3,-3.4099343,0.55852765,4.2428975,7.652832
2024-07-26,fold3,-2.0,-4.3300395,-0.176735,3.7188091,8.048849
2024-07-29,fold3,-6.2,-5.468145,-0.98950297,2.9493122,23.054556
2024-07-30,fold3,0.6,-4.6506343,-0.6083761,2.9053936,7.556028
2024-07-31,fold3,1.2,-4.4411826,-0.4257021,3.0654879,7.5066705
2024-08-01,fold3,-5.4,-5.026016,-0.84784335,2.7285397,15.234233
2024-08-02,fold3,-3.4,-6.2281756,-1.2490401,2.8410327,9.069208
2024-08-05,fold3,-9.8,-7.665877,-1.5216632,3.3714018,53.71974
2024-08-06,fold3,11.5,-6.872933,-0.45060638,4.419782,152.89706
2024-08-07,fold3,0.8,-4.103721,0.49928364,4.515667,8.619389
2024-08-08,fold3,-0.4,-3.9068477,0.97622114,5.5586715,9.465519
2024-08-09,fold3,1.5,-4.371157,0.2853677,4.7485065,9.119663
2024-08-12,fold3,-1.2,-5.2626996,-0.77448386,3.317171,8.57987
2024-08-13,fold3,-2.6,-5.242183,-0.7015726,3.1661193,8.408302
2024-08-14,fold3,-2.9,-5.338222,-0.87946796,2.887366,8.225588
2024-08-16,fold3,2.8,-4.4495373,-0.44870988,2.9657586,7.4152956
2024-08-19,fold3,1.2,-3.4247706,0.66050047,4.297258,7.7220287
2024-08-20,fold3,1.4,-5.1181946,-0.5176901,3.59488,8.713075
2024-08-21,fold3,-0.2,-5.4521947,-0.7023993,3.2904198,8.742615
2024-08-22,fold3,-1.7,-5.358705,-0.6159087,3.3078835,8.666589
2024-08-23,fold3,2.5,-3.8251088,1.0238615,5.322977,9.148086
2024-08-26,fold3,-3.1,-5.9108663,-0.8687039,3.6259463,9.536813
2024-08-27,fold3,9.9,-4.3639207,0.12241671,4.0146136,126.08625
2024-08-28,fold3,-1.9,-4.5394273,0.1079408,4.30203,8.841457
2024-08-29,fold3,2.1,-4.6395283,0.27456287,4.7476125,9.38714
2024-08-30,fold3,1.3,-4.450247,0.40569878,4.994183,9.444429
2024-09-03,fold3,3.2,-4.2129707,0.6366355,5.3424435,9.555414
2024-09-04,fold3,-6.8,-7.500305,-1.0052876,4.5718637,12.072168
2024-09-05,fold3,-2.2,-6.869864,-0.95022744,3.9191067,10.788971
2024-09-06,fold3,-4.0,-5.6789412,-0.7246974,3.4603574,9.139298
2024-09-09,fold3,4.2,-4.9484615,-0.19702964,3.8608859,15.591626
2024-09-10,fold3,-2.2,-5.213099,-0.63727194,3.310468,8.523567
2024-09-11,fold3,-6.7,-5.5923285,-0.91755086,3.0102692,30.756023
2024-09-12,fold3,2.7,-4.2116694,-0.3128526,3.0489852,7.2606544
2024-09-13,fold3,-4.2,-3.6376197,0.23418754,3.653249,18.538471
2024-09-19,fold3,5.1,-4.3982215,-0.31073132,3.332258,43.08532
2024-09-20,fold3,1.0,-3.308915,0.8829667,4.6788893,7.9878044
2024-09-23,fold3,3.3,-4.7269034,0.07715499,4.5234685,9.250372
2024-09-24,fold3,0.4,-4.3446145,0.2979821,4.5853653,8.929979
2024-09-25,fold3,-2.9,-5.066035,-0.25593838,4.1122527,9.1782875
2024-09-26,fold3,0.4,-3.9660463,0.9028086,5.483786,9.449833
2024-09-27,fold3,-0.1,-5.146072,-0.011828221,4.8345227,9.980595
2024-09-30,fold3,-0.8,-6.307863,-0.71599203,4.1454697,10.453333
2024-10-02,fold3,-6.0,-3.917739,0.81882817,5.2190366,50.781998
2024-10-04,fold3,6.4,-5.7626915,-0.44861683,4.41511,49.875603
2024-10-07,fold3,10.5,-3.7374935,1.8708553,7.295672,75.11973
2024-10-08,fold3,-2.4,-4.9030952,1.1059788,7.1806083,12.083704
2024-10-10,fold3,1.1,-5.7384086,-0.037077848,5.4162755,11.154684
2024-10-11,fold3,-0.3,-4.4608054,0.9089496,6.1370296,10.597836
2024-10-15,fold3,-3.5,-5.7137833,-0.29465076,4.8066,10.520384
2024-10-16,fold3,-4.2,-6.5005836,-0.86489755,4.042951,10.543535
2024-10-17,fold3,2.0,-5.344902,-0.27423334,4.184243,9.529145
2024-10-18,fold3,4.4,-4.025158,1.131691,6.042976,10.068134
2024-10-21,fold3,-1.8,-5.4058595,-0.3746505,4.4239573,9.829817
2024-10-22,fold3,7.6,-3.556577,1.4199934,6.310425,35.658504
2024-10-23,fold3,-0.2,-5.0028405,0.2321503,5.4218597,10.4247
2024-10-24,fold3,-5.4,-4.1707783,0.7004211,5.520468,34.27568
2024-10-25,fold3,-2.0,-5.75959,-0.551529,4.2750726,10.034662
2024-10-28,fold3,6.3,-4.1557665,0.8511896,5.550073,24.70438
2024-10-29,fold3,0.1,-4.689981,0.6359434,5.862719,10.5527
2024-10-30,fold3,-1.3,-5.4150167,-0.09132135,4.914526,10.329542
2024-10-31,fold3,-0.5,-4.898068,0.31769684,5.158261,10.056329
2024-11-01,fold3,-1.0,-5.886597,0.012325739,5.306814,11.193411
2024-11-04,fold3,0.6,-4.210955,1.276721,6.628435,10.83939
2024-11-05,fold3,-2.3,-6.944982,-0.93340415,4.503374,11.448357
2024-11-06,fold3,6.1,-5.6913486,-0.7480362,3.6019602,59.2541
2024-11-07,fold3,-3.6,-3.6118107,1.5511318,6.5108895,10.1227
2024-11-08,fold3,-4.9,-6.7054596,-1.2013427,3.891081,10.59654
2024-11-12,fold3,-3.5,-4.8770995,-0.35786083,3.696469,8.573568
2024-11-13,fold3,5.3,-3.6521618,1.6015238,6.651205,10.303367
2024-11-14,fold3,0.7,-5.2574773,-0.101213746,4.9612045,10.218681
2024-11-15,fold3,1.0,-5.0458293,-0.35456514,4.0149918,9.060822
2024-11-18,fold3,-2.1,-4.5362134,0.029365564,4.216907,8.75312
2024-11-19,fold3,-2.7,-4.757747,-0.25098905,3.8821354,8.639883
2024-11-20,fold3,-1.9,-5.12227,-0.5152789,3.5588882,8.681158
2024-11-21,fold3,-3.9,-4.1809673,0.31868288,4.372437,8.553404
2024-11-22,fold3,-0.2,-4.2894726,0.30885965,4.625561,8.915033
2024-11-25,fold3,-5.6,-5.2480025,-0.58740896,3.6590397,15.94699
2024-11-26,fold3,-1.7,-6.7620335,-1.3466917,3.2091923,9.971226
2024-11-27,fold3,-2.3,-4.0770435,0.07284367,3.6449668,7.7220106
2024-11-29,fold3,-12.9,-5.5744376,-0.8181687,3.2619216,155.34761
2024-12-02,fold3,-5.4,-5.8897176,-1.0368584,2.9963367,8.886054
2024-12-03,fold3,1.6,-4.3837485,-0.13896947,3.4882157,7.8719645
2024-12-04,fold3,5.2,-3.7767375,0.5858624,4.5112247,22.063463
2024-12-05,fold3,-2.7,-6.0496945,-0.731054,3.860037,9.909732
2024-12-06,fold3,0.6,-5.3988185,-0.36657095,3.8481858,9.2470045
2024-12-09,fold3,-6.7,-5.57173,-0.5838144,3.6349468,31.77207
2024-12-10,fold3,-3.2,-4.188137,0.92685,5.4785056,9.666643
2024-12-11,fold3,4.7,-5.055558,0.31508455,5.3873982,10.442957
2024-12-12,fold3,0.8,-4.520785,0.6763563,5.6774254,10.19821
2024-12-13,fold3,-2.4,-4.1546445,1.0000439,6.185822,10.3404665
2024-12-16,fold3,4.5,-4.104276,1.2087697,6.685724,10.79
2024-12-17,fold3,6.9,-5.9790015,-0.20864129,5.255649,44.12167
2024-12-18,fold3,-5.2,-5.3620872,0.27998808,5.4904933,10.852581
2024-12-19,fold3,7.6,-5.285885,1.6878964,8.296837,13.582722
2024-12-20,fold3,5.9,-5.9922776,0.7949085,7.394214,13.386492
2024-12-23,fold3,-2.9,-6.4831367,-0.8700934,4.3038073,10.786943
2024-12-24,fold3,3.2,-4.185496,1.0800704,6.116879,10.302375
2024-12-26,fold3,2.8,-5.8063893,-0.26676184,4.9915853,10.797975
2024-12-27,fold3,-2.8,-5.627337,-0.18481709,4.756782,10.384119
2024-12-30,fold3,-2.1,-4.7387695,0.8936518,6.242664,10.981434
2025-01-02,fold3,-10.6,-7.767919,-1.0771583,4.7640147,69.17356
2025-01-03,fold3,0.5,-5.599113,0.41626945,5.725428,11.324541
2025-01-06,fold3,6.3,-5.3274956,0.37144116,5.732025,22.419022
2025-01-07,fold3,-2.3,-4.942261,0.38779548,5.4975543,10.4398155
2025-01-08,fold3,0.2,-4.618361,1.0810307,6.703523,11.321884
2025-01-10,fold3,4.1,-6.297362,-0.13433623,5.637302,11.934664
2025-01-13,fold3,3.4,-4.6577,1.5844703,7.685083,12.342783
2025-01-14,fold3,-3.0,-6.1833634,0.13243331,6.1866603,12.370024
2025-01-15,fold3,1.9,-5.728393,-0.2079227,4.89707,10.6254635
2025-01-16,fold3,-5.8,-7.20315,-1.2532827,3.906021,11.109171
2025-01-17,fold3,1.1,-6.349827,-0.7483949,3.9784997,10.328326
2025-01-21,fold3,0.5,-5.330318,-0.064021744,4.582853,9.913171
2025-01-22,fold3,0.9,-5.918665,-0.6156128,4.0321136,9.950779
2025-01-23,fold3,1.0,-4.482735,0.6050199,5.275267,9.758002
2025-01-24,fold3,2.2,-4.22929,0.8457199,5.892784,10.122074
2025-01-31,fold3,0.0,-5.3155704,-0.32758403,4.428869,9.744439
2025-02-03,fold3,-2.4,-6.46226,-0.89421624,3.9596386,10.421898
2025-02-04,fold3,0.9,-6.1850433,-0.7509329,3.8699503,10.054994
2025-02-05,fold3,-2.6,-4.8842244,-0.42365137,3.504305,8.388529
2025-02-06,fold3,-2.2,-6.3158417,-1.1428847,3.2253082,9.54115
2025-02-07,fold3,4.0,-4.190754,0.04378261,3.736206,13.202839
2025-02-10,fold3,-0.6,-3.854636,0.77392644,5.082562,8.937198
2025-02-11,fold3,1.9,-4.438042,0.30821523,4.9066415,9.344684
2025-02-12,fold3,3.0,-4.0044785,0.5389733,4.986179,8.990658
2025-02-13,fold3,-0.7,-3.5921276,1.1657237,6.005041,9.597169
2025-02-14,fold3,-2.6,-6.485391,-1.0662637,3.9180002,10.403391
2025-02-18,fold3,3.2,-5.025038,-0.62577724,3.2707577,8.295795
2025-02-19,fold3,-0.5,-3.3100922,1.1029382,5.2825356,8.592628
2025-02-20,fold3,1.5,-5.35474,-0.41801047,4.2796097,9.63435
2025-02-21,fold3,-3.2,-4.8757195,-0.47465834,3.5160608,8.391781
2025-02-24,fold3,-3.1,-6.2600517,-1.0615854,3.3330724,9.593124
2025-02-25,fold3,-2.8,-4.845618,-0.40505448,3.3968232,8.242441
2025-02-26,fold3,-4.5,-6.6211452,-1.2386782,3.2223194,9.843465
2025-02-27,fold3,0.2,-5.383749,-0.80946285,3.0073338,8.391083
2025-02-28,fold3,-4.8,-3.9184215,0.59373146,4.542242,26.092236
2025-03-04,fold3,-0.3,-6.0536637,-0.9810353,3.4527328,9.506396
2025-03-05,fold3,7.0,-4.782205,-0.2317952,3.6020603,76.34306
2025-03-06,fold3,3.3,-3.4330978,0.7666331,4.585745,8.018843
2025-03-07,fold3,-3.3,-4.0718036,0.69569904,5.2335,9.305304
2025-03-10,fold3,2.8,-4.033008,0.54165274,5.0141444,9.0471525
2025-03-11,fold3,-4.1,-7.1209908,-1.1850944,3.9473665,11.068357
2025-03-12,fold3,0.3,-3.742963,0.64850575,4.579203,8.322166
2025-03-13,fold3,0.7,-3.7590983,0.6731476,5.0139866,8.773085
2025-03-14,fold3,4.3,-5.6473775,-0.73964953,3.7359865,20.66364
2025-03-17,fold3,-0.8,-3.5434463,0.37951162,4.0011635,7.54461
2025-03-18,fold3,-1.7,-3.9221916,0.17260517,4.068649,7.9908404
2025-03-19,fold3,2.3,-4.520014,-0.21280666,3.7399654,8.259979
2025-03-20,fold3,-1.9,-5.090486,-0.7498252,3.0901349,8.180621
2025-03-21,fold3,1.3,-4.1846013,-0.2521026,3.207465,7.392066
2025-03-24,fold3,1.1,-3.8617332,0.11718908,3.6973202,7.5590534
2025-03-25,fold3,0.5,-3.2410183,1.0420682,5.130484,8.371502
2025-03-26,fold3,1.8,-4.950785,-0.41114017,3.8653538,8.816139
2025-03-27,fold3,-0.1,-3.5337563,0.6838885,4.6670413,8.200798
2025-03-28,fold3,0.4,-3.832009,0.6732805,5.147244,8.979253
2025-03-31,fold3,-7.1,-7.064914,-1.2541674,3.8410149,11.607643
2025-04-01,fold3,1.6,-5.5904536,-0.69624585,3.439964,9.030417
2025-04-02,fold3,-2.0,-5.762811,-0.91760224,3.140262,8.903073
2025-04-03,fold3,-2.9,-3.838827,0.28432384,3.8731945,7.7120214
2025-04-04,fold3,-4.6,-7.281173,-1.2743019,3.693716,10.97489
2025-04-07,fold3,-4.4,-7.763489,-0.47088352,5.160696,12.924185
2025-04-08,fold3,3.8,-5.038714,1.8380791,7.968504,13.007217
2025-04-09,fold3,4.6,-5.564523,1.9085792,9.090321,14.654844
2025-04-10,fold3,-3.0,-5.552021,-0.1996186,5.032482,10.584503
2025-04-11,fold3,-0.6,-3.7296617,1.0600781,5.7697697,9.499432
2025-04-14,fold3,-0.5,-3.8137481,1.0159687,6.010344,9.824092
2025-04-15,fold3,-2.7,-5.94836,-0.9737246,3.735037,9.683397
2025-04-16,fold3,-3.5,-4.437255,-0.4145588,3.239837,7.6770916
2025-04-17,fold3,1.6,-5.1496654,-0.7157624,3.1382217,8.287888
2025-04-21,fold3,-4.3,-3.3089275,0.39675912,3.7657273,26.896107
2025-04-22,fold3,1.9,-3.0709836,1.1726178,5.296023,8.367006
2025-04-23,fold3,-2.3,-4.5315504,-0.21061943,4.0166464,8.548197
2025-04-24,fold3,2.5,-4.2531953,-0.31097972,3.3632658,7.616461
2025-04-25,fold3,-4.7,-5.382258,-0.9983063,2.8555067,8.237764
2025-04-28,fold3,1.2,-4.3481755,-0.5619392,2.7466953,7.0948706
2025-04-29,fold3,1.5,-5.1296844,-0.8604984,2.7567139,7.8863983
2025-04-30,fold3,-4.0,-4.6968207,-0.69082046,2.7156048,7.4124255
2025-05-02,fold3,3.0,-4.328666,-0.39823222,2.9397564,8.473295
2025-05-07,fold3,1.0,-3.0718002,1.2752509,5.2119384,8.283739
2025-05-08,fold3,1.9,-5.9408264,-0.96145266,3.5134056,9.454232
2025-05-09,fold3,4.8,-3.2910645,1.1051561,5.1341176,8.425182
2025-05-12,fold3,1.5,-4.319641,0.03315844,4.2661567,8.585798
2025-05-13,fold3,3.7,-3.4922616,0.88371277,5.17552,8.667782
2025-05-14,fold3,-0.4,-3.6135051,0.6615892,5.000885,8.61439
2025-05-15,fold3,0.9,-3.580596,0.7455047,5.135879,8.716475
2025-05-16,fold3,-5.1,-6.020487,-1.0126181,3.5818322,9.602319
2025-05-19,fold3,7.1,-4.5570374,-0.4324586,3.261624,84.58618
2025-05-20,fold3,-3.4,-3.4373834,0.5196766,4.1835384,7.620922
2025-05-21,fold3,4.7,-3.7657022,0.4843757,4.624901,9.892583
2025-05-22,fold3,-0.5,-3.3233554,1.3580707,6.0629673,9.386323
2025-05-23,fold3,1.1,-5.7171483,-0.6413419,4.181117,9.898266
2025-05-27,fold3,-5.7,-4.6644864,-0.31221285,3.626716,29.00147
2025-05-28,fold3,-0.3,-5.810623,-1.0677093,3.0873559,8.897979
2025-05-29,fold3,5.4,-3.5341675,0.4431229,4.043837,34.701263
2025-05-30,fold3,2.6,-4.9886827,-0.5962364,3.4098184,8.398501
2025-06-02,fold3,0.7,-4.5005717,-0.4203407,3.198756,7.6993275
2025-06-04,fold3,10.1,-3.237859,0.7198207,4.3713164,122.18285
2025-06-05,fold3,-0.3,-5.9542947,-1.099822,3.2548206,9.209115
2025-06-09,fold3,-2.4,-3.4580777,0.37392297,3.796933,7.2550106
2025-06-10,fold3,-3.6,-3.1836643,1.2112751,5.5139775,17.024353
2025-06-11,fold3,0.6,-4.784847,-0.21682274,4.2365494,9.021397
2025-06-12,fold3,-1.0,-5.1912446,-0.7984063,3.1665285,8.357773
2025-06-13,fold3,-0.8,-4.7918186,-0.6302982,3.0132616,7.8050804
2025-06-16,fold3,4.5,-3.279602,0.88184696,4.7071795,7.9867816
2025-06-17,fold3,0.4,-3.5546627,0.8520722,5.2690682,8.82373
2025-06-18,fold3,0.8,-6.0257816,-0.9416346,3.7110398,9.736821
2025-06-20,fold3,-0.9,-4.2418294,-0.28415897,3.301878,7.5437074
2025-06-23,fold3,0.6,-3.855152,0.15099283,3.8433936,7.6985455
2025-06-24,fold3,-5.0,-4.872399,-0.63030946,3.21857,10.642992
2025-06-25,fold3,-0.3,-4.305927,-0.49379578,2.92128,7.2272067
2025-06-26,fold3,-3.2,-3.8120368,-0.08915704,3.273299,7.0853357
2025-06-27,fold3,-0.3,-4.094396,-0.22654341,3.2701871,7.364583
2025-06-30,fold3,2.0,-3.3143702,0.5463517,4.1312327,7.445603
2025-07-01,fold3,-2.1,-4.8915315,-0.5856278,3.3474572,8.238989
2025-07-02,fold3,4.8,-3.4481723,0.36435375,3.868311,25.950268
2025-07-03,fold3,-1.8,-3.3114727,0.8219568,4.8529835,8.164456
2025-07-07,fold3,2.6,-3.4517653,0.93071014,5.3833675,8.835133
2025-07-08,fold3,0.7,-3.5867035,1.0134133,5.8005185,9.387222
2025-07-09,fold3,0.7,-4.038278,0.4110966,5.008495,9.046773
2025-07-10,fold3,-4.0,-5.614426,-0.9564152,3.3867009,9.001127
2025-07-11,fold3,0.9,-3.6185157,0.17840512,3.7437477,7.3622637
2025-07-14,fold3,6.3,-3.127404,1.2392093,5.615511,22.432701
2025-07-15,fold3,-0.9,-4.2944627,0.2451952,4.8916144,9.186077
2025-07-16,fold3,0.0,-3.4310112,1.049777,5.6666865,9.097698
2025-07-17,fold3,2.8,-5.0422306,-0.48551908,3.987935,9.030166
2025-07-18,fold3,-3.2,-3.7660923,0.21988599,4.078902,7.844994
2025-07-21,fold3,-1.8,-4.346618,-0.24386148,3.688385,8.035004
2025-07-22,fold3,-1.6,-4.9921584,-0.71983606,3.1461906,8.13835
2025-07-23,fold3,-0.9,-4.2211995,-0.33837628,3.1666534,7.3878527
2025-07-24,fold3,1.9,-3.205927,0.77300453,4.5239987,7.7299256
2025-07-25,fold3,0.6,-3.5257635,0.7521329,5.051312,8.577076
2025-07-28,fold3,-2.6,-4.8719044,-0.44922304,3.8000183,8.671923
2025-07-29,fold3,-0.6,-3.6758163,0.35833132,4.2355103,7.9113264
2025-07-30,fold3,-2.6,-5.8285027,-1.0670928,3.2464094,9.074912
2025-07-31,fold3,-1.2,-3.4370277,0.46985614,4.0970807,7.534108
2025-08-01,fold3,4.7,-4.2609158,0.05912052,4.217324,18.13176
2025-08-04,fold3,-5.4,-6.7193294,-1.3342437,3.3444164,10.0637455
2025-08-05,fold3,-1.2,-4.131766,-0.33772483,3.0149548,7.146721
2025-08-06,fold3,1.3,-3.686395,0.2319169,3.7999818,7.486377
2025-08-07,fold3,-0.7,-3.7794878,0.20635891,3.9485419,7.7280297
2025-08-08,fold3,0.4,-3.647611,0.37467766,4.2132626,7.860873
2025-08-11,fold3,0.5,-3.3971703,0.72947836,4.793129,8.190299
2025-08-12,fold3,2.0,-4.0385175,0.28673336,4.576454,8.614971
2025-08-13,fold3,0.8,-3.6398003,0.40843964,4.419626,8.059426
2025-08-14,fold3,-2.2,-4.877598,-0.552217,3.4947674,8.372365
2025-08-18,fold3,5.0,-3.3138037,0.80695105,4.778891,12.5148735
2025-08-19,fold3,2.1,-3.458875,0.9663577,5.5235085,8.982384
2025-08-20,fold3,-0.5,-5.258953,-0.5547796,3.9647005,9.223654
2025-08-21,fold3,-0.8,-4.1608925,-0.10636338,3.707556,7.8684483
2025-08-22,fold3,1.5,-3.4053278,0.8457217,5.023607,8.428934
2025-08-25,fold3,-0.8,-5.3204427,-0.7953499,3.4787743,8.799217
2025-08-26,fold3,0.8,-3.5221329,0.3924226,4.077546,7.599679
2025-08-27,fold3,-3.5,-4.3804116,-0.18514542,3.8150246,8.1954365
2025-08-28,fold3,-1.0,-4.4120626,-0.26853704,3.5636246,7.975687
2025-08-29,fold3,0.0,-4.1313424,-0.15587193,3.4895217,7.620864
2025-09-02,fold3,5.5,-3.6248176,0.41140297,4.1974053,33.874115
2025-09-03,fold3,4.3,-3.457117,1.0253959,5.4908314,8.947948
2025-09-04,fold3,-3.0,-5.541376,-0.81656474,3.62691,9.168286
2025-09-05,fold3,-2.8,-5.0079255,-0.76812005,3.021516,8.029442
2025-09-08,fold3,-0.7,-5.0894666,-0.8272999,2.8735034,7.96297
2025-09-09,fold3,-3.0,-4.860784,-0.7055547,2.9147213,7.775505
2025-09-10,fold3,1.5,-3.4574697,0.397007,3.8956747,7.3531446
2025-09-11,fold3,-2.0,-4.8476825,-0.5124762,3.4453297,8.293013
2025-09-12,fold3,0.0,-4.4216137,-0.42061296,3.1682327,7.5898466
2025-09-15,fold3,0.8,-3.2143993,0.8015625,4.5535126,7.767912
2025-09-16,fold3,-1.7,-3.952237,0.2432559,4.3225265,8.274763
2025-09-17,fold3,-1.7,-3.907442,0.14168443,4.0186114,7.9260535
2025-09-18,fold3,-3.1,-3.517842,0.5219315,4.4545474,7.972389
2025-09-19,fold3,5.9,-3.4375522,0.95758706,5.4160748,18.532135
2025-09-22,fold3,1.8,-3.7604892,0.67294407,5.2669644,9.027453
2025-09-23,fold3,-2.0,-3.9062536,0.42783618,4.8609366,8.76719
2025-09-24,fold3,3.5,-4.492913,-0.21800643,3.9476197,8.440533
2025-09-25,fold3,3.7,-3.453534,0.741152,4.9198146,8.373348
2025-09-26,fold3,5.8,-3.8318367,0.5971262,5.1574,21.841238
2025-09-29,fold3,-0.4,-3.851236,0.43590236,4.812299,8.663535
2025-09-30,fold3,1.2,-4.895101,-0.49010718,3.720287,8.615388
2025-10-01,fold3,0.9,-3.637841,0.32831302,4.1494813,7.787322
2025-10-02,fold3,-0.1,-4.701302,-0.4359138,3.6075306,8.308832
2025-10-10,fold3,0.5,-4.231437,-0.21169698,3.5275192,7.7589564
2025-10-14,fold3,-9.3,-5.2648854,-0.6435278,3.4563034,89.423485
2025-10-15,fold3,-1.5,-4.317019,-0.31702092,3.2878246,7.6048436
2025-10-16,fold3,5.2,-3.3501794,0.567823,4.2451844,26.691671
2025-10-17,fold3,-2.3,-5.0036387,-0.4777172,3.6752079,8.678846
2025-10-20,fold3,0.7,-3.5405781,0.27707484,3.8424385,7.3830166
2025-10-21,fold3,1.2,-3.9269218,-0.003092895,3.7445118,7.6714334
2025-10-22,fold3,-3.5,-3.9921048,-0.0787324,3.614968,7.607073
2025-10-23,fold3,4.3,-3.6819665,0.15953048,3.8084977,17.320515
2025-10-24,fold3,0.1,-3.279083,0.7495205,4.7048345,7.983917
2025-10-27,fold3,4.6,-3.6639059,0.4686204,4.6305943,8.2945
2025-10-28,fold3,-2.4,-3.8648903,0.17393123,4.1678023,8.032693
2025-10-29,fold3,4.9,-3.8379447,0.1144736,3.9574327,26.646725
2025-10-30,fold3,6.6,-3.078296,1.2705698,5.6546626,27.639706
2025-10-31,fold3,1.1,-3.820653,0.68451786,5.436567,9.257219
2025-11-03,fold3,2.5,-3.9699485,0.25180468,4.5786057,8.548554
2025-11-04,fold3,-0.4,-3.5199986,0.57679415,4.761199,8.281198
2025-11-05,fold3,4.3,-4.389972,-0.12946273,4.097484,12.537778
2025-11-06,fold3,7.8,-3.207331,1.0211453,5.306784,58.378433
2025-11-07,fold3,2.3,-5.0066752,-0.5208377,3.8811016,8.887777
2025-11-10,fold3,0.4,-3.5930567,0.23654377,3.9406157,7.5336723
2025-11-12,fold3,5.2,-3.3856802,0.6159268,4.6331654,19.355534
2025-11-13,fold3,-1.5,-4.480193,-0.31706712,3.7347088,8.214902
2025-11-14,fold3,5.0,-3.156891,0.7608687,4.6281724,15.221616
2025-11-17,fold3,-1.6,-3.4338238,0.75837946,5.102825,8.536649
2025-11-18,fold3,-3.3,-3.9648721,0.26156187,4.56332,8.5281925
2025-11-19,fold3,1.3,-3.825023,0.22028367,4.269701,8.094724
2025-11-20,fold3,4.4,-3.605367,0.38628867,4.399692,8.01122
2025-11-21,fold3,-5.4,-4.1865363,-0.056328963,3.9950497,32.450863
2025-11-24,fold3,1.8,-4.512257,-0.5361391,3.213391,7.725648
2025-11-25,fold3,-2.5,-3.8857317,-0.2043245,3.23975,7.1254816
2025-11-26,fold3,-1.3,-3.9084074,-0.17079325,3.3242242,7.2326317
2025-11-28,fold3,9.3,-3.5650914,0.15035973,3.6486397,120.24094
2025-12-01,fold3,4.3,-3.3081543,0.584178,4.356952,7.665107
2025-12-02,fold3,-4.1,-3.167467,1.176849,5.587766,27.40589
2025-12-03,fold3,2.2,-4.0278945,0.27372158,4.6832557,8.71115
2025-12-04,fold3,0.8,-4.1139827,-0.11339378,3.7998762,7.913859
2025-12-05,fold3,-1.8,-3.1507673,0.9073308,4.9591694,8.109937
2025-12-08,fold3,4.3,-3.5123787,0.74825835,5.1863437,8.698723
2025-12-09,fold3,5.2,-3.5287225,0.75653887,5.2379804,8.766703
2025-12-10,fold3,-8.2,-3.7091973,0.4717424,4.806847,98.3321
2025-12-11,fold3,0.7,-4.7391343,-0.42495465,3.755871,8.495006
2025-12-12,fold3,3.1,-3.4759314,0.52797294,4.437294,7.913225
2025-12-15,fold3,-8.4,-3.4347172,1.1198349,5.8434315,108.5838
2025-12-16,fold3,-1.2,-4.4244094,0.2615522,5.038777,9.463186
2025-12-17,fold3,1.1,-4.6468787,-0.21418057,4.1111693,8.758048
2025-12-18,fold3,-1.2,-3.8298466,0.55304,4.8947163,8.724563
2025-12-19,fold3,3.0,-4.9609365,-0.4418656,3.9407337,8.90167
2025-12-22,fold3,1.7,-3.535142,0.7445809,4.9723086,8.50745
2025-12-23,fold3,2.0,-3.9360516,0.5690822,5.1793747,9.115426
2025-12-24,fold3,-3.4,-3.9630287,0.5524201,5.1520314,9.11506
2025-12-26,fold3,2.9,-4.594742,-0.14239408,4.242756,8.837498
2025-12-29,fold3,-2.0,-4.093405,0.17564161,4.3312955,8.4247
2025-12-30,fold3,3.1,-4.2260284,-0.06926645,4.010534,8.236563
