date,fold,y_true,q50
2020-01-02,fold1,-4.500000000000015,0.27075842
2020-01-03,fold1,-8.299999999999997,-0.14465381
2020-01-06,fold1,-1.4000000000000012,-0.8969906
2020-01-07,fold1,7.200000000000006,0.27498516
2020-01-08,fold1,1.6999999999999904,0.1811904
2020-01-09,fold1,5.700000000000016,0.6640864
2020-01-10,fold1,1.8999999999999904,0.097804286
2020-01-13,fold1,2.300000000000013,-0.12871467
2020-01-14,fold1,-1.3000000000000125,0.07033708
2020-01-15,fold1,-2.0999999999999908,-0.2118767
2020-01-16,fold1,0.6000000000000005,-0.24076451
2020-01-17,fold1,4.000000000000004,0.053617503
2020-01-21,fold1,-5.200000000000005,0.5930646
2020-01-22,fold1,3.400000000000003,0.120402314
2020-01-23,fold1,-1.9000000000000128,-0.25163966
2020-01-28,fold1,-10.099999999999998,-0.3837353
2020-01-29,fold1,-2.0999999999999908,-1.2481313
2020-01-30,fold1,-2.9000000000000137,-0.49477905
2020-01-31,fold1,0.5000000000000115,-0.257502
2020-02-03,fold1,-1.100000000000012,-0.16128957
2020-02-04,fold1,8.099999999999996,0.06593355
2020-02-05,fold1,-2.699999999999992,0.85719246
2020-02-06,fold1,2.8999999999999915,0.1118835
2020-02-07,fold1,-2.8999999999999915,-0.13593641
2020-02-10,fold1,0.2000000000000001,-0.46343568
2020-02-11,fold1,-0.0999999999999889,-0.209332
2020-02-12,fold1,1.09999999999999,0.24462466
2020-02-13,fold1,-0.4000000000000003,0.24694353
2020-02-14,fold1,4.400000000000004,-0.49094275
2020-02-18,fold1,-9.299999999999995,-0.23476692
2020-02-19,fold1,-0.1000000000000111,-0.16621615
2020-02-20,fold1,-4.400000000000004,-0.11730834
2020-02-21,fold1,-7.199999999999984,-0.2729255
2020-02-24,fold1,-2.700000000000013,-0.23986594
2020-02-25,fold1,1.3000000000000125,-0.49135995
2020-02-26,fold1,-3.400000000000003,-0.59733653
2020-02-27,fold1,4.800000000000004,-0.36468086
2020-02-28,fold1,-11.00000000000001,-0.17447598
2020-03-02,fold1,3.900000000000015,-1.1406211
2020-03-03,fold1,-0.1000000000000111,-0.30572185
2020-03-04,fold1,-7.200000000000006,-1.3465135
2020-03-05,fold1,3.8000000000000034,-0.03677435
2020-03-06,fold1,3.300000000000014,-0.8262295
2020-03-09,fold1,-8.400000000000007,-1.4066415
2020-03-10,fold1,6.899999999999995,-1.2020237
2020-03-11,fold1,1.4000000000000012,0.0965981
2020-03-12,fold1,1.8000000000000016,0.666993
2020-03-13,fold1,18.300000000000004,0.6355252
2020-03-16,fold1,-4.600000000000004,0.40607926
2020-03-17,fold1,-8.299999999999997,-0.7237344
2020-03-18,fold1,6.099999999999994,0.5771941
2020-03-19,fold1,15.500000000000004,0.3862284
2020-03-20,fold1,-4.600000000000004,-0.33347997
2020-03-23,fold1,10.7,-0.01325034
2020-03-24,fold1,-1.0000000000000009,0.05766816
2020-03-25,fold1,-6.099999999999994,1.2890462
2020-03-26,fold1,-14.500000000000002,0.63767236
2020-03-27,fold1,3.0000000000000027,-0.17523457
2020-03-30,fold1,3.0000000000000027,0.01584969
2020-03-31,fold1,-1.100000000000012,0.24268232
2020-04-01,fold1,-0.6000000000000005,0.7024465
2020-04-02,fold1,-2.699999999999992,-0.8454548
2020-04-03,fold1,3.0000000000000027,0.016381342
2020-04-06,fold1,-0.5000000000000115,-0.3293909
2020-04-07,fold1,3.7000000000000144,0.7101595
2020-04-08,fold1,-6.900000000000017,1.1235156
2020-04-09,fold1,-7.299999999999995,0.2723206
2020-04-13,fold1,3.100000000000014,0.37634468
2020-04-14,fold1,-0.5000000000000115,0.49835506
2020-04-16,fold1,-5.299999999999994,0.1569022
2020-04-17,fold1,2.699999999999992,-0.9090282
2020-04-20,fold1,0.6000000000000005,0.46175307
2020-04-21,fold1,1.4000000000000012,-0.251235
2020-04-22,fold1,7.400000000000007,-0.5265604
2020-04-23,fold1,1.29999999999999,0.41624543
2020-04-24,fold1,0.1000000000000111,0.11331699
2020-04-27,fold1,3.0000000000000027,-0.16409507
2020-04-28,fold1,-1.6000000000000014,0.80209875
2020-04-29,fold1,-4.200000000000004,-0.5129443
2020-05-04,fold1,-1.8999999999999904,0.20903054
2020-05-06,fold1,0.8999999999999897,0.24602516
2020-05-07,fold1,-2.8000000000000025,1.089853
2020-05-08,fold1,-5.400000000000005,-0.42259854
2020-05-11,fold1,3.600000000000003,0.6350543
2020-05-12,fold1,-3.8000000000000034,0.4970743
2020-05-13,fold1,-3.200000000000003,-0.20632493
2020-05-14,fold1,-1.09999999999999,-0.5482683
2020-05-15,fold1,0.2000000000000001,0.30230474
2020-05-18,fold1,1.09999999999999,0.29695085
2020-05-19,fold1,-0.2999999999999891,1.0687058
2020-05-20,fold1,-3.299999999999992,-0.040149324
2020-05-21,fold1,-1.6000000000000014,-0.074473165
2020-05-22,fold1,0.4999999999999893,-0.22875677
2020-05-26,fold1,-1.8999999999999904,-0.1958604
2020-05-27,fold1,1.200000000000001,0.5497482
2020-05-28,fold1,0.2999999999999891,-0.44378173
2020-05-29,fold1,3.100000000000014,0.061163742
2020-06-01,fold1,2.0999999999999908,-0.5697158
2020-06-02,fold1,-1.7000000000000126,0.30292353
2020-06-03,fold1,4.800000000000004,0.54594016
2020-06-04,fold1,0.6000000000000005,1.3273718
2020-06-05,fold1,2.0000000000000018,0.5997747
2020-06-08,fold1,0.1000000000000111,1.2983142
2020-06-09,fold1,-5.600000000000005,-0.0312515
2020-06-10,fold1,0.0999999999999889,-0.34499055
2020-06-11,fold1,-1.4999999999999902,-0.5103953
2020-06-12,fold1,0.4999999999999893,-1.0984224
2020-06-15,fold1,3.600000000000003,0.2696867
2020-06-16,fold1,-2.200000000000002,0.029647414
2020-06-17,fold1,0.7000000000000117,0.051467087
2020-06-18,fold1,-3.899999999999992,-0.4132683
2020-06-19,fold1,0.9999999999999788,-0.14487939
2020-06-22,fold1,1.0000000000000009,-0.55285066
2020-06-23,fold1,-0.4999999999999893,0.060007878
2020-06-24,fold1,-2.200000000000002,0.095759645
2020-06-25,fold1,-1.8999999999999904,-0.3856505
2020-06-26,fold1,-1.7000000000000126,-0.4880888
2020-06-29,fold1,3.8000000000000034,-0.7032541
2020-06-30,fold1,0.8000000000000007,-0.08929735
2020-07-01,fold1,2.8999999999999915,0.021516364
2020-07-02,fold1,-2.499999999999991,0.38718784
2020-07-06,fold1,3.299999999999992,-0.23260887
2020-07-07,fold1,-2.200000000000002,-0.33199477
2020-07-08,fold1,-1.09999999999999,-0.99605095
2020-07-09,fold1,1.4000000000000012,-0.3397642
2020-07-10,fold1,0.6000000000000005,-0.886156
2020-07-13,fold1,2.299999999999991,-0.08174141
2020-07-14,fold1,-0.2000000000000001,-0.47469148
2020-07-15,fold1,-0.4000000000000003,-0.38723186
2020-07-16,fold1,-3.600000000000003,0.12200822
2020-07-17,fold1,-2.9999999999999805,-0.76743287
2020-07-20,fold1,-1.4000000000000012,-0.05694762
2020-07-21,fold1,2.200000000000002,-0.41746265
2020-07-22,fold1,-1.0000000000000009,-0.15606599
2020-07-23,fold1,-2.8000000000000025,-0.6830743
2020-07-24,fold1,-1.3000000000000125,-0.94697165
2020-07-27,fold1,-0.0999999999999889,-0.25188985
2020-07-28,fold1,2.499999999999991,0.16168241
2020-07-29,fold1,-2.0000000000000018,-0.5136063
2020-07-30,fold1,-2.8000000000000025,-0.4616565
2020-07-31,fold1,1.5000000000000124,-0.7519482
2020-08-03,fold1,1.0000000000000009,0.1275772
2020-08-04,fold1,0.0,0.49957645
2020-08-05,fold1,-1.3000000000000125,-0.58803296
2020-08-06,fold1,1.3000000000000125,0.61658263
2020-08-07,fold1,1.29999999999999,-0.32956317
2020-08-10,fold1,4.400000000000004,-0.10995319
2020-08-11,fold1,-1.8000000000000016,-0.22636165
2020-08-12,fold1,2.8000000000000025,0.75832576
2020-08-13,fold1,-1.09999999999999,0.72579163
2020-08-14,fold1,3.399999999999981,0.2799902
2020-08-18,fold1,-3.899999999999992,0.27016127
2020-08-19,fold1,-1.0000000000000009,0.12619308
2020-08-20,fold1,3.200000000000003,0.17055428
2020-08-21,fold1,3.099999999999992,-0.3986166
2020-08-24,fold1,-3.200000000000003,-0.13278604
2020-08-25,fold1,0.9000000000000119,0.4420111
2020-08-26,fold1,1.6999999999999904,1.2200688
2020-08-27,fold1,1.7000000000000126,0.11721722
2020-08-28,fold1,6.499999999999995,1.0157546
2020-08-31,fold1,3.0000000000000027,0.22682105
2020-09-01,fold1,6.600000000000006,0.037696097
2020-09-02,fold1,-4.300000000000015,-0.07627145
2020-09-03,fold1,-1.4999999999999902,-0.47409135
2020-09-04,fold1,0.2999999999999891,-0.16245396
2020-09-08,fold1,2.8000000000000025,0.88142216
2020-09-09,fold1,-3.699999999999992,-0.1575406
2020-09-10,fold1,-0.1000000000000111,0.064844616
2020-09-11,fold1,1.3000000000000125,-0.25741115
2020-09-14,fold1,-1.3000000000000125,-0.09055075
2020-09-15,fold1,-1.4000000000000012,0.21894173
2020-09-16,fold1,-1.7999999999999794,-0.33219445
2020-09-17,fold1,2.299999999999991,0.01577128
2020-09-18,fold1,-0.5000000000000115,-0.32140505
2020-09-21,fold1,-0.9999999999999788,0.13903262
2020-09-22,fold1,-2.100000000000013,-0.9026237
2020-09-23,fold1,-2.499999999999991,-0.09224668
2020-09-24,fold1,-1.0000000000000009,-0.17055517
2020-09-25,fold1,-1.3000000000000125,-0.4112052
2020-09-28,fold1,0.2000000000000001,-0.42002028
2020-09-29,fold1,0.4000000000000003,0.587717
2020-10-05,fold1,4.900000000000016,-0.1564246
2020-10-06,fold1,5.199999999999982,1.6273985
2020-10-07,fold1,0.2000000000000001,0.13834296
2020-10-08,fold1,1.0000000000000009,0.5800933
2020-10-13,fold1,-1.6000000000000014,0.26878065
2020-10-14,fold1,-1.4000000000000012,0.22129214
2020-10-15,fold1,-3.499999999999992,-0.14206637
2020-10-16,fold1,1.5000000000000124,0.34205458
2020-10-19,fold1,-5.200000000000005,0.36643198
2020-10-20,fold1,2.0999999999999908,0.26158798
2020-10-21,fold1,6.000000000000005,0.83515745
2020-10-22,fold1,-1.5000000000000124,0.320595
2020-10-23,fold1,-1.1999999999999789,0.6997896
2020-10-26,fold1,-1.3000000000000125,0.17312852
2020-10-27,fold1,2.0999999999999908,-0.38553566
2020-10-28,fold1,-0.5999999999999783,-0.14640242
2020-10-29,fold1,2.9999999999999805,-0.20203136
2020-10-30,fold1,1.9000000000000128,0.15543273
2020-11-02,fold1,5.600000000000005,0.27121726
2020-11-03,fold1,0.4999999999999893,-0.14988996
2020-11-04,fold1,-3.8000000000000034,0.5547294
2020-11-05,fold1,-4.200000000000004,-0.7831791
2020-11-06,fold1,3.200000000000003,0.20863283
2020-11-09,fold1,0.9000000000000119,0.31644598
2020-11-10,fold1,5.600000000000005,1.6080056
2020-11-12,fold1,2.59999999999998,0.08163735
2020-11-13,fold1,-2.299999999999991,-0.90815765
2020-11-16,fold1,-0.4000000000000003,0.090434745
2020-11-17,fold1,-0.2999999999999891,0.005185046
2020-11-18,fold1,-1.8000000000000016,-0.55012596
2020-11-19,fold1,0.6000000000000005,0.030628609
2020-11-20,fold1,-0.1000000000000111,-1.0076457
2020-11-23,fold1,-2.6000000000000023,-0.5716248
2020-11-24,fold1,1.7000000000000126,0.36844215
2020-11-25,fold1,3.099999999999992,0.19377229
2020-11-30,fold1,3.0000000000000027,-0.045024067
2020-12-01,fold1,-1.0000000000000009,-0.4568936
2020-12-02,fold1,2.6000000000000023,1.2682884
2020-12-03,fold1,-0.6000000000000005,0.28891823
2020-12-04,fold1,-1.4000000000000012,-0.45745555
2020-12-07,fold1,-0.9000000000000119,0.6890065
2020-12-08,fold1,-0.4000000000000003,-0.2250954
2020-12-09,fold1,1.4000000000000012,-0.5319784
2020-12-10,fold1,-0.0999999999999889,0.59598565
2020-12-11,fold1,0.6000000000000005,-0.15187372
2020-12-14,fold1,0.8999999999999897,-0.54347575
2020-12-15,fold1,0.1000000000000111,0.2230159
2020-12-16,fold1,2.0999999999999908,0.013394291
2020-12-17,fold1,4.000000000000004,-0.047967777
2020-12-18,fold1,-2.400000000000002,-0.05901687
2020-12-21,fold1,-2.8999999999999915,-0.11952128
2020-12-22,fold1,-2.200000000000002,-0.25128853
2020-12-23,fold1,-1.7000000000000126,-0.31066558
2020-12-28,fold1,4.100000000000015,0.7613882
2020-12-29,fold1,1.6999999999999904,-0.3101125
2020-12-30,fold1,1.5000000000000124,0.12576823
2021-01-04,fold2,1.0000000000000009,-0.35905337
2021-01-05,fold2,-3.200000000000003,-0.23592038
2021-01-06,fold2,4.000000000000004,-0.057605524
2021-01-07,fold2,-0.7000000000000117,0.8844723
2021-01-08,fold2,0.5000000000000115,0.022997273
2021-01-11,fold2,-3.7000000000000144,0.019499565
2021-01-12,fold2,2.6000000000000023,0.8447953
2021-01-13,fold2,0.1000000000000111,-0.45310986
2021-01-14,fold2,1.4999999999999902,-1.2534329
2021-01-15,fold2,-0.2999999999999891,0.05416244
2021-01-19,fold2,-2.0000000000000018,-0.58312273
2021-01-21,fold2,-0.5000000000000115,-0.29787385
2021-01-22,fold2,5.200000000000005,0.3757043
2021-01-25,fold2,2.200000000000002,-0.52511185
2021-01-26,fold2,-1.0000000000000009,0.13202779
2021-01-27,fold2,-1.3000000000000125,-0.07377413
2021-01-28,fold2,0.7000000000000117,-0.09680052
2021-01-29,fold2,0.4000000000000003,-0.33751243
2021-02-01,fold2,3.499999999999992,-0.029313771
2021-02-02,fold2,-4.499999999999993,-0.80382717
2021-02-03,fold2,1.0000000000000009,-0.437745
2021-02-04,fold2,2.499999999999991,-0.4145801
2021-02-05,fold2,-0.2000000000000001,-0.55142534
2021-02-08,fold2,3.100000000000014,0.07003477
2021-02-09,fold2,-0.9000000000000119,-0.14808956
2021-02-10,fold2,1.8000000000000016,-0.6221423
2021-02-16,fold2,1.9000000000000128,-0.8917459
2021-02-17,fold2,1.200000000000001,1.0163015
2021-02-18,fold2,-0.8000000000000007,-0.34245092
2021-02-19,fold2,2.0999999999999908,0.1375592
2021-02-22,fold2,4.699999999999993,0.16347879
2021-02-23,fold2,-1.6000000000000014,0.1851928
2021-02-24,fold2,-5.499999999999994,0.025720105
2021-02-25,fold2,3.299999999999992,-0.34100553
2021-02-26,fold2,7.600000000000007,0.34695518
2021-03-02,fold2,0.6000000000000005,-2.2661254
2021-03-03,fold2,-1.4999999999999902,-0.58657295
2021-03-04,fold2,2.0999999999999908,-0.44445089
2021-03-05,fold2,2.0000000000000018,1.4426717
2021-03-08,fold2,3.600000000000003,0.30892366
2021-03-09,fold2,0.5999999999999783,0.08344903
2021-03-10,fold2,0.2000000000000223,-0.038265046
2021-03-11,fold2,-0.8999999999999897,-0.10006163
2021-03-12,fold2,6.499999999999995,0.60202575
2021-03-15,fold2,6.000000000000005,0.78388476
2021-03-16,fold2,-5.400000000000027,-0.03815688
2021-03-17,fold2,3.600000000000003,0.17233308
2021-03-18,fold2,1.6000000000000014,0.13109943
2021-03-19,fold2,-5.099999999999971,0.96545815
2021-03-22,fold2,-4.200000000000026,0.13122392
2021-03-23,fold2,-2.499999999999991,-0.21429107
2021-03-24,fold2,-4.000000000000004,-0.2674671
2021-03-25,fold2,-2.499999999999991,-0.4257514
2021-03-26,fold2,3.799999999999981,0.17591463
2021-03-29,fold2,-2.499999999999991,0.23089886
2021-03-30,fold2,8.300000000000018,0.7330389
2021-03-31,fold2,-0.6000000000000227,0.28313804
2021-04-01,fold2,-3.399999999999981,0.16178262
2021-04-05,fold2,7.099999999999973,-0.56801826
2021-04-06,fold2,-2.499999999999991,0.22991538
2021-04-07,fold2,-0.4999999999999893,-0.35415268
2021-04-08,fold2,-5.200000000000005,0.27894086
2021-04-09,fold2,1.6999999999999904,0.013127037
2021-04-12,fold2,-2.59999999999998,0.41943836
2021-04-13,fold2,2.400000000000002,0.0017066812
2021-04-14,fold2,-3.7000000000000144,-0.42493176
2021-04-15,fold2,3.0000000000000027,0.35258716
2021-04-16,fold2,0.3000000000000113,-1.1183827
2021-04-19,fold2,-4.200000000000004,0.40746468
2021-04-20,fold2,2.200000000000002,0.23822266
2021-04-21,fold2,0.1999999999999779,-0.09031232
2021-04-22,fold2,-1.5999999999999792,0.042867027
2021-04-23,fold2,5.400000000000005,0.16365848
2021-04-26,fold2,4.599999999999982,0.17304085
2021-04-27,fold2,-1.7999999999999794,-0.16940504
2021-04-28,fold2,1.0999999999999677,0.18560652
2021-04-29,fold2,1.6000000000000014,-0.0193483
2021-04-30,fold2,3.000000000000025,0.36829108
2021-05-03,fold2,-0.4000000000000003,0.06677677
2021-05-04,fold2,0.5999999999999783,-0.28870457
2021-05-06,fold2,-2.8000000000000025,0.00995767
2021-05-07,fold2,2.100000000000035,-0.22421318
2021-05-10,fold2,1.0999999999999677,-0.13212682
2021-05-11,fold2,0.4999999999999893,-0.17022249
2021-05-12,fold2,-1.399999999999979,-0.2235857
2021-05-13,fold2,3.100000000000014,-0.9177188
2021-05-14,fold2,0.1999999999999779,-0.70297736
2021-05-17,fold2,-4.0999999999999925,-1.3121074
2021-05-18,fold2,0.0999999999999889,-0.3326067
2021-05-20,fold2,1.6999999999999904,-0.27387816
2021-05-21,fold2,-1.1999999999999569,-0.49788517
2021-05-24,fold2,-0.3000000000000113,-0.656631
2021-05-25,fold2,0.8999999999999897,-1.0445812
2021-05-26,fold2,-0.0999999999999889,-1.4236954
2021-05-27,fold2,-1.6999999999999904,0.035565395
2021-05-28,fold2,2.0999999999999908,0.33552575
2021-06-01,fold2,5.399999999999983,0.14750475
2021-06-02,fold2,1.6000000000000014,0.51526994
2021-06-03,fold2,-0.7000000000000117,-0.08477468
2021-06-04,fold2,-2.19999999999998,0.681676
2021-06-07,fold2,-1.6999999999999904,-0.21886384
2021-06-08,fold2,-4.000000000000004,-0.057278626
2021-06-09,fold2,-1.29999999999999,-0.14045586
2021-06-10,fold2,-1.8000000000000238,-0.12758866
2021-06-11,fold2,1.6000000000000014,-0.52827173
2021-06-14,fold2,-0.4999999999999893,-0.029999103
2021-06-15,fold2,-2.499999999999991,0.38530797
2021-06-16,fold2,-0.1000000000000334,0.3596214
2021-06-17,fold2,0.9000000000000341,0.3944193
2021-06-18,fold2,-3.8000000000000256,-0.8846499
2021-06-21,fold2,-3.500000000000014,-0.87213683
2021-06-22,fold2,4.400000000000004,0.15782551
2021-06-23,fold2,-0.8999999999999897,0.19730885
2021-06-24,fold2,1.9000000000000128,0.17709114
2021-06-25,fold2,4.000000000000004,0.15789557
2021-06-28,fold2,3.699999999999992,0.07975604
2021-06-29,fold2,-2.8000000000000025,-0.16567208
2021-06-30,fold2,-1.6999999999999904,0.30813247
2021-07-01,fold2,-0.2000000000000223,-0.061970957
2021-07-02,fold2,1.100000000000012,0.8688686
2021-07-06,fold2,1.8000000000000238,-0.19069365
2021-07-07,fold2,-8.000000000000007,-1.315537
2021-07-08,fold2,-3.7000000000000366,-0.16638279
2021-07-09,fold2,3.100000000000014,-0.0003196992
2021-07-12,fold2,-1.100000000000012,1.1866214
2021-07-13,fold2,1.3000000000000345,0.078503415
2021-07-14,fold2,-2.700000000000013,0.38776708
2021-07-15,fold2,1.6000000000000014,-0.05282623
2021-07-16,fold2,-1.6000000000000014,-0.0048419912
2021-07-19,fold2,-3.600000000000003,0.03957737
2021-07-20,fold2,-7.899999999999996,-1.3433759
2021-07-21,fold2,-1.5000000000000124,0.41346365
2021-07-22,fold2,4.300000000000015,0.67803395
2021-07-23,fold2,-3.300000000000014,-0.29729277
2021-07-26,fold2,-2.499999999999991,0.09125646
2021-07-27,fold2,0.5000000000000115,-0.18358226
2021-07-28,fold2,-0.6000000000000005,-0.9016718
2021-07-29,fold2,2.699999999999992,0.23185857
2021-07-30,fold2,-1.4999999999999902,0.16536698
2021-08-02,fold2,3.299999999999992,-0.22759409
2021-08-03,fold2,-1.7000000000000126,-0.4121192
2021-08-04,fold2,-2.39999999999998,-0.4648292
2021-08-05,fold2,1.1999999999999789,-0.30008066
2021-08-06,fold2,2.200000000000002,0.33925325
2021-08-09,fold2,1.4000000000000012,1.1803421
2021-08-10,fold2,0.2000000000000001,0.08745431
2021-08-11,fold2,1.8000000000000016,0.18345426
2021-08-12,fold2,-1.200000000000001,0.06773627
2021-08-13,fold2,0.2000000000000001,0.17931944
2021-08-17,fold2,-3.8000000000000034,-1.7660339
2021-08-18,fold2,-0.4999999999999893,-0.7872652
2021-08-19,fold2,-1.29999999999999,0.28527653
2021-08-20,fold2,-1.5000000000000124,-0.05899221
2021-08-23,fold2,3.600000000000003,0.07189164
2021-08-24,fold2,5.000000000000004,-0.36471725
2021-08-25,fold2,-0.3000000000000113,0.54551595
2021-08-26,fold2,-0.8000000000000007,0.2646169
2021-08-27,fold2,1.100000000000012,0.21834768
2021-08-30,fold2,-2.6000000000000023,-0.22035302
2021-08-31,fold2,-0.1000000000000111,-0.21026973
2021-09-01,fold2,3.0000000000000027,-0.11608672
2021-09-02,fold2,-0.0999999999999889,-0.29839754
2021-09-03,fold2,0.2000000000000001,-0.38059962
2021-09-07,fold2,3.200000000000003,0.7029878
2021-09-08,fold2,4.0999999999999925,0.9092315
2021-09-09,fold2,-1.6000000000000014,-0.40428138
2021-09-10,fold2,0.5999999999999783,-0.3616262
2021-09-13,fold2,3.100000000000014,0.11332719
2021-09-14,fold2,2.300000000000013,-0.13632567
2021-09-15,fold2,-3.500000000000014,-0.4788822
2021-09-16,fold2,1.8000000000000238,0.22516786
2021-09-17,fold2,2.499999999999991,0.10504707
2021-09-23,fold2,3.100000000000014,0.18933734
2021-09-24,fold2,5.299999999999994,0.20592964
2021-09-27,fold2,1.6000000000000014,0.18717895
2021-09-28,fold2,8.799999999999963,0.07508988
2021-09-29,fold2,-3.299999999999992,0.039003294
2021-09-30,fold2,1.4000000000000234,-0.1670235
2021-10-01,fold2,2.0999999999999908,-0.25479597
2021-10-05,fold2,3.299999999999992,-0.31528336
2021-10-06,fold2,10.80000000000001,0.0054469723
2021-10-07,fold2,-1.200000000000001,0.032648794
2021-10-08,fold2,-1.29999999999999,0.23445863
2021-10-12,fold2,7.299999999999995,-0.07978858
2021-10-13,fold2,-4.600000000000026,-0.056748774
2021-10-14,fold2,-4.999999999999982,-0.048948202
2021-10-15,fold2,0.4999999999999893,-0.06288192
2021-10-18,fold2,4.400000000000004,1.1458648
2021-10-19,fold2,-2.0999999999999908,-0.030979544
2021-10-20,fold2,1.29999999999999,0.21335816
2021-10-21,fold2,-0.4000000000000003,0.13904695
2021-10-22,fold2,2.300000000000013,0.7345377
2021-10-25,fold2,1.5000000000000124,0.0077354196
2021-10-26,fold2,3.099999999999969,0.013740388
2021-10-27,fold2,3.000000000000025,-0.108689144
2021-10-28,fold2,-9.00000000000003,-0.33959723
2021-10-29,fold2,17.80000000000004,0.34972623
2021-11-01,fold2,-6.900000000000039,-0.3151933
2021-11-02,fold2,-2.59999999999998,0.1162366
2021-11-03,fold2,-0.9999999999999788,-0.10153208
2021-11-04,fold2,-4.200000000000026,0.44958186
2021-11-05,fold2,-7.799999999999985,-0.45538044
2021-11-08,fold2,-2.0999999999999908,-0.05700996
2021-11-09,fold2,-3.600000000000003,0.9998422
2021-11-10,fold2,1.6000000000000014,0.099029236
2021-11-12,fold2,3.49999999999997,1.3432173
2021-11-15,fold2,-4.599999999999982,0.09940605
2021-11-16,fold2,3.500000000000014,-0.119323835
2021-11-17,fold2,2.59999999999998,-0.32567662
2021-11-18,fold2,-2.0999999999999908,-0.022500943
2021-11-19,fold2,3.399999999999981,-0.3104633
2021-11-22,fold2,1.4000000000000234,0.030866442
2021-11-23,fold2,1.399999999999979,0.5729916
2021-11-24,fold2,-0.5999999999999783,0.31750715
2021-11-26,fold2,-13.900000000000023,0.11300848
2021-11-29,fold2,1.100000000000012,-1.2722777
2021-11-30,fold2,-5.299999999999994,0.13263443
2021-12-01,fold2,-3.100000000000014,-0.8104832
2021-12-02,fold2,1.6000000000000014,0.18277164
2021-12-03,fold2,3.600000000000003,0.472272
2021-12-06,fold2,-2.0999999999999908,-0.7911343
2021-12-07,fold2,2.700000000000013,1.0016091
2021-12-08,fold2,-5.500000000000016,0.1668405
2021-12-09,fold2,0.3000000000000113,0.4457121
2021-12-10,fold2,1.29999999999999,0.010527338
2021-12-13,fold2,-3.200000000000003,-0.06701824
2021-12-14,fold2,0.0,-0.6173302
2021-12-15,fold2,-0.3000000000000113,0.36324456
2021-12-16,fold2,-1.9000000000000128,0.30044955
2021-12-17,fold2,0.6000000000000227,-0.51258326
2021-12-20,fold2,-4.599999999999982,0.10816442
2021-12-21,fold2,-0.8000000000000007,-0.15611419
2021-12-22,fold2,4.79999999999996,0.1114559
2021-12-23,fold2,6.500000000000039,-0.18279918
2021-12-27,fold2,-0.1000000000000334,0.6067327
2021-12-28,fold2,-1.29999999999999,-0.087301835
2021-12-29,fold2,-1.7999999999999794,0.3842932
2021-12-30,fold2,6.800000000000006,0.64772975
2022-01-04,fold2,7.199999999999962,-0.5138038
2022-01-05,fold2,5.500000000000016,1.0649735
2022-01-06,fold2,10.599999999999987,0.54003316
2022-01-07,fold2,-2.2999999999999687,0.5572524
2022-01-10,fold2,2.59999999999998,0.50821483
2022-01-11,fold2,0.0999999999999889,0.49136442
2022-01-12,fold2,-5.699999999999994,-0.3419217
2022-01-13,fold2,-3.100000000000014,-0.051176373
2022-01-14,fold2,5.600000000000005,0.08326016
2022-01-18,fold2,10.000000000000009,0.7356271
2022-01-19,fold2,-1.6000000000000014,0.5992133
2022-01-20,fold2,2.0999999999999908,-0.2211112
2022-01-21,fold2,-1.7999999999999794,-0.049710393
2022-01-24,fold2,0.0,-0.5154572
2022-01-25,fold2,3.600000000000003,0.15943767
2022-01-26,fold2,-0.3000000000000113,0.24349664
2022-01-27,fold2,3.900000000000015,0.6966986
2022-01-28,fold2,-2.6000000000000245,-0.6369147
2022-02-03,fold2,-2.0000000000000018,-0.04903449
2022-02-04,fold2,5.300000000000038,0.14411494
2022-02-07,fold2,1.8999999999999684,1.3555039
2022-02-08,fold2,9.50000000000002,0.17110421
2022-02-09,fold2,-4.200000000000026,-0.080488294
2022-02-10,fold2,-0.4999999999999893,0.2166023
2022-02-11,fold2,6.099999999999994,0.853951
2022-02-14,fold2,-3.299999999999992,-1.1692852
2022-02-15,fold2,-0.4000000000000003,0.39153323
2022-02-16,fold2,-0.8000000000000007,1.3777343
2022-02-17,fold2,0.6000000000000227,0.25334835
2022-02-18,fold2,2.0000000000000018,-0.74856704
2022-02-22,fold2,-1.100000000000012,-0.29534328
2022-02-23,fold2,0.4999999999999893,0.2480108
2022-02-24,fold2,-9.799999999999986,0.27036992
2022-02-25,fold2,4.699999999999971,-0.7108399
2022-02-28,fold2,0.4000000000000003,-0.066143505
2022-03-02,fold2,-6.199999999999983,-0.63353103
2022-03-03,fold2,3.500000000000014,0.17471042
2022-03-04,fold2,0.9999999999999788,0.24872184
2022-03-07,fold2,4.899999999999993,-1.0917096
2022-03-08,fold2,1.5000000000000124,-0.022572244
2022-03-10,fold2,0.4000000000000003,0.9189329
2022-03-11,fold2,-2.59999999999998,0.57098985
2022-03-14,fold2,3.89999999999997,0.14201355
2022-03-15,fold2,1.4000000000000234,0.77371866
2022-03-16,fold2,1.499999999999968,0.01962328
2022-03-17,fold2,-6.399999999999961,-0.043034986
2022-03-18,fold2,3.299999999999992,0.22433092
2022-03-21,fold2,0.4000000000000003,-0.76755446
2022-03-22,fold2,9.099999999999977,1.0020468
2022-03-23,fold2,-0.4000000000000003,0.21654874
2022-03-24,fold2,2.8000000000000025,-0.27483296
2022-03-25,fold2,1.5000000000000124,-0.101209074
2022-03-28,fold2,16.000000000000014,0.5337213
2022-03-29,fold2,-5.900000000000016,0.1922733
2022-03-30,fold2,-8.700000000000019,-0.28219306
2022-03-31,fold2,8.400000000000007,-0.24539626
2022-04-01,fold2,3.8000000000000256,0.01934262
2022-04-04,fold2,5.799999999999983,1.189038
2022-04-05,fold2,1.5000000000000124,0.32956898
2022-04-06,fold2,4.899999999999993,1.1847142
2022-04-07,fold2,-0.0999999999999889,1.2498527
2022-04-08,fold2,4.0999999999999925,0.36990708
2022-04-11,fold2,13.600000000000012,0.34602123
2022-04-12,fold2,0.8000000000000007,1.3961015
2022-04-13,fold2,-2.6000000000000245,-0.8858564
2022-04-14,fold2,-6.699999999999973,0.20359793
2022-04-18,fold2,13.49999999999998,1.1539884
2022-04-19,fold2,-0.4999999999999893,0.41405183
2022-04-20,fold2,-3.699999999999992,1.0369506
2022-04-21,fold2,-1.7000000000000348,-0.47113907
2022-04-22,fold2,1.8000000000000238,0.29500413
2022-04-25,fold2,-12.599999999999987,0.007783663
2022-04-26,fold2,0.1999999999999779,-0.6686854
2022-04-27,fold2,-0.4999999999999893,0.8395098
2022-04-28,fold2,-1.9000000000000128,0.8636394
2022-04-29,fold2,7.600000000000007,0.47445223
2022-05-02,fold2,13.79999999999999,0.95346487
2022-05-03,fold2,2.6000000000000245,1.554908
2022-05-04,fold2,2.8000000000000025,0.32754946
2022-05-06,fold2,-0.3000000000000113,0.40383324
2022-05-10,fold2,-2.8000000000000025,1.271616
2022-05-11,fold2,-13.39999999999999,-1.5073038
2022-05-12,fold2,-10.000000000000009,-0.030792471
2022-05-13,fold2,5.200000000000005,-0.19891606
2022-05-16,fold2,5.600000000000005,1.0584267
2022-05-17,fold2,0.9999999999999788,-0.35066995
2022-05-18,fold2,3.299999999999992,0.40880108
2022-05-19,fold2,-1.29999999999999,-0.18474877
2022-05-20,fold2,-6.199999999999983,-0.30575198
2022-05-23,fold2,1.29999999999999,0.38354927
2022-05-24,fold2,-4.400000000000004,1.0618258
2022-05-25,fold2,-3.699999999999992,-0.11886649
2022-05-26,fold2,6.099999999999994,-0.15687706
2022-05-27,fold2,-2.59999999999998,0.0910894
2022-05-31,fold2,11.399999999999988,-0.12442146
2022-06-02,fold2,9.499999999999975,0.93814754
2022-06-03,fold2,-1.6000000000000014,0.9320885
2022-06-07,fold2,13.3,0.6960202
2022-06-08,fold2,-6.599999999999984,-0.06923002
2022-06-09,fold2,-0.0999999999999889,-0.051583257
2022-06-10,fold2,2.400000000000002,0.25791037
2022-06-13,fold2,15.89999999999998,1.3198034
2022-06-14,fold2,3.699999999999992,1.1565078
2022-06-15,fold2,10.40000000000001,0.6319942
2022-06-16,fold2,-2.8000000000000025,0.026572015
2022-06-17,fold2,2.8000000000000025,0.4654424
2022-06-21,fold2,-2.0000000000000018,-0.10841202
2022-06-22,fold2,-9.299999999999995,1.4515188
2022-06-23,fold2,4.400000000000004,-0.42232686
2022-06-24,fold2,-9.10000000000002,-0.6034521
2022-06-27,fold2,8.50000000000004,0.98321
2022-06-28,fold2,-4.000000000000004,0.5802944
2022-06-29,fold2,-1.3000000000000345,-0.47844303
2022-06-30,fold2,-3.099999999999969,-0.32310057
2022-07-01,fold2,-14.59999999999999,-1.1715766
2022-07-05,fold2,-11.10000000000002,-1.1602231
2022-07-06,fold2,-8.400000000000007,-0.30077872
2022-07-07,fold2,1.200000000000001,0.2818443
2022-07-08,fold2,5.299999999999994,0.06468296
2022-07-11,fold2,2.499999999999991,0.77410734
2022-07-12,fold2,-3.599999999999959,-1.5271841
2022-07-13,fold2,-4.800000000000004,-0.10583639
2022-07-14,fold2,-0.6000000000000227,0.32779205
2022-07-15,fold2,-5.299999999999994,0.5728832
2022-07-18,fold2,2.8000000000000025,0.003192462
2022-07-19,fold2,-1.6999999999999904,-0.06019602
2022-07-20,fold2,10.699999999999976,0.43350103
2022-07-21,fold2,1.4000000000000234,0.19051161
2022-07-22,fold2,-7.200000000000006,-0.47002035
2022-07-25,fold2,-9.10000000000002,-0.63026845
2022-07-26,fold2,-2.8000000000000025,0.5473678
2022-07-27,fold2,-6.199999999999983,0.52232933
2022-07-28,fold2,8.000000000000007,-0.04814691
2022-07-29,fold2,-7.400000000000029,-0.37121862
2022-08-01,fold2,5.700000000000038,-0.052789327
2022-08-02,fold2,-9.600000000000009,-0.8926416
2022-08-03,fold2,4.2999999999999705,-0.4594531
2022-08-04,fold2,2.100000000000035,-0.546029
2022-08-05,fold2,-2.8000000000000025,-0.21857174
2022-08-08,fold2,5.299999999999994,0.561202
2022-08-09,fold2,-1.100000000000012,-0.01571181
2022-08-10,fold2,4.0999999999999925,0.5067858
2022-08-11,fold2,1.200000000000001,0.04310927
2022-08-12,fold2,6.300000000000017,0.8090903
2022-08-16,fold2,-12.599999999999987,-0.32278353
2022-08-17,fold2,3.200000000000003,-0.8451372
2022-08-18,fold2,3.299999999999992,0.9673422
2022-08-19,fold2,8.899999999999997,0.18576635
2022-08-22,fold2,3.200000000000003,0.81694895
2022-08-23,fold2,1.9000000000000128,0.4630292
2022-08-24,fold2,7.199999999999962,-0.5543047
2022-08-25,fold2,16.000000000000014,0.3626476
2022-08-26,fold2,2.300000000000013,-0.9862329
2022-08-29,fold2,9.899999999999975,0.46503222
2022-08-30,fold2,-2.0000000000000018,1.0416795
2022-08-31,fold2,2.6000000000000245,0.2991929
2022-09-01,fold2,8.400000000000007,0.63321865
2022-09-02,fold2,-6.700000000000017,1.2466481
2022-09-06,fold2,-2.59999999999998,-0.5308282
2022-09-07,fold2,2.400000000000002,1.1312969
2022-09-08,fold2,-11.400000000000032,-0.13414349
2022-09-13,fold2,-0.1999999999999779,0.19348334
2022-09-14,fold2,3.099999999999969,0.99317145
2022-09-15,fold2,14.000000000000012,0.25522178
2022-09-16,fold2,-1.9000000000000128,0.7573826
2022-09-19,fold2,2.200000000000024,0.739003
2022-09-20,fold2,4.1999999999999815,0.39240956
2022-09-21,fold2,5.500000000000016,1.4816873
2022-09-22,fold2,10.599999999999987,-0.6235505
2022-09-23,fold2,11.50000000000002,0.78863573
2022-09-26,fold2,22.299999999999983,-0.9867279
2022-09-27,fold2,-12.699999999999978,0.87171984
2022-09-28,fold2,12.399999999999968,1.0342408
2022-09-29,fold2,-10.299999999999976,-0.59673303
2022-09-30,fold2,-13.3,0.6246165
2022-10-04,fold2,-8.999999999999986,0.32410786
2022-10-05,fold2,9.600000000000009,-0.06637905
2022-10-06,fold2,0.0,0.7749105
2022-10-07,fold2,11.20000000000001,0.37903967
2022-10-11,fold2,9.199999999999964,-0.43777385
2022-10-12,fold2,-19.599999999999973,-0.05405818
2022-10-13,fold2,12.899999999999956,-0.55753756
2022-10-14,fold2,-5.799999999999983,0.19859326
2022-10-17,fold2,3.399999999999981,-0.47723168
2022-10-18,fold2,6.200000000000028,-0.36130425
2022-10-19,fold2,11.899999999999975,0.16361704
2022-10-20,fold2,4.300000000000015,-0.08388675
2022-10-21,fold2,19.29999999999996,0.7183283
2022-10-24,fold2,-12.899999999999956,-0.81261724
2022-10-25,fold2,-15.700000000000005,-0.112859294
2022-10-26,fold2,-6.700000000000017,-0.35937643
2022-10-27,fold2,3.399999999999981,0.09551569
2022-10-28,fold2,-14.59999999999999,-0.50314444
2022-10-31,fold2,7.500000000000018,-0.28795913
2022-11-01,fold2,-10.70000000000002,-0.27547398
2022-11-02,fold2,0.8000000000000007,-0.042237196
2022-11-03,fold2,5.400000000000027,0.36297363
2022-11-04,fold2,-1.499999999999968,-0.46389234
2022-11-07,fold2,7.599999999999962,-0.9710906
2022-11-08,fold2,-2.200000000000024,-0.3073058
2022-11-09,fold2,-5.900000000000016,-2.0446763
2022-11-10,fold2,-10.699999999999932,-1.7437214
2022-11-14,fold2,-14.200000000000037,-0.80998635
2022-11-15,fold2,-6.699999999999973,-0.21194303
2022-11-16,fold2,3.49999999999997,-1.1931254
2022-11-17,fold2,-4.2999999999999705,-0.87043905
2022-11-18,fold2,-5.200000000000005,0.015281307
2022-11-21,fold2,-3.7000000000000366,1.5841957
2022-11-22,fold2,0.9000000000000341,0.6574391
2022-11-23,fold2,0.0999999999999889,-0.29633018
2022-11-25,fold2,-15.09999999999998,-0.85395384
2022-11-28,fold2,-1.7000000000000348,-0.2786606
2022-11-29,fold2,6.700000000000017,-0.38566825
2022-11-30,fold2,-0.6000000000000227,0.06232732
2022-12-01,fold2,-0.4000000000000003,-0.69342065
2022-12-02,fold2,-7.999999999999963,-0.19118628
2022-12-05,fold2,-3.400000000000025,0.51541996
2022-12-06,fold2,-4.499999999999993,0.8556919
2022-12-07,fold2,1.9000000000000128,-0.40003613
2022-12-08,fold2,0.6999999999999673,-0.37337476
2022-12-09,fold2,-3.89999999999997,0.5542513
2022-12-12,fold2,-4.300000000000015,0.7178347
2022-12-13,fold2,2.0999999999999908,1.0720668
2022-12-14,fold2,-6.299999999999972,-0.32211614
2022-12-15,fold2,-2.6000000000000245,0.15067348
2022-12-16,fold2,-2.0000000000000018,-0.8347625
2022-12-19,fold2,3.500000000000014,-0.021690771
2022-12-20,fold2,20.80000000000002,0.69397795
2022-12-21,fold2,-3.7000000000000366,0.7346197
2022-12-22,fold2,-7.099999999999973,-0.3602179
2022-12-23,fold2,5.699999999999994,0.57501936
2022-12-27,fold2,5.900000000000016,1.1046188
2022-12-28,fold2,6.199999999999983,0.6610599
2022-12-29,fold2,5.299999999999994,-0.07603963
2023-01-03,fold3,-6.499999999999995,0.057779226
2023-01-04,fold3,-6.400000000000006,-0.46603712
2023-01-05,fold3,-2.59999999999998,-0.4876357
2023-01-06,fold3,0.1999999999999779,0.2985998
2023-01-09,fold3,-9.600000000000009,-0.59903836
2023-01-10,fold3,-1.499999999999968,0.31998563
2023-01-11,fold3,-4.500000000000037,0.9473622
2023-01-12,fold3,-0.4999999999999893,-0.6261782
2023-01-13,fold3,-11.20000000000001,-0.57933027
2023-01-17,fold3,14.400000000000013,1.331964
2023-01-18,fold3,-10.699999999999976,0.44216344
2023-01-19,fold3,-11.50000000000002,-1.1217418
2023-01-20,fold3,5.699999999999994,0.54015803
2023-01-25,fold3,-4.999999999999982,1.3218722
2023-01-26,fold3,0.1999999999999779,0.20571582
2023-01-27,fold3,5.200000000000005,0.47321242
2023-01-30,fold3,-4.499999999999993,0.6355252
2023-01-31,fold3,5.900000000000016,0.7042665
2023-02-01,fold3,-5.800000000000027,0.037566327
2023-02-02,fold3,-3.200000000000003,-0.9868205
2023-02-03,fold3,-5.899999999999972,0.4062901
2023-02-06,fold3,13.49999999999998,1.7002387
2023-02-07,fold3,1.4000000000000234,1.9106362
2023-02-08,fold3,2.2999999999999687,-0.08577944
2023-02-09,fold3,4.200000000000026,-0.54422146
2023-02-10,fold3,0.3000000000000113,0.06273002
2023-02-13,fold3,6.499999999999995,1.1085683
2023-02-14,fold3,-3.200000000000003,-0.20849556
2023-02-15,fold3,7.299999999999995,0.628732
2023-02-16,fold3,0.4999999999999893,0.7177052
2023-02-17,fold3,14.999999999999991,0.59432226
2023-02-21,fold3,-2.59999999999998,0.10129585
2023-02-22,fold3,3.89999999999997,1.5878189
2023-02-23,fold3,-4.39999999999996,0.60492563
2023-02-24,fold3,-7.000000000000028,0.36909342
2023-02-27,fold3,9.40000000000003,1.1433841
2023-02-28,fold3,13.39999999999999,0.12719381
2023-03-02,fold3,8.699999999999974,0.41026944
2023-03-03,fold3,-6.400000000000006,0.034780137
2023-03-06,fold3,-4.499999999999993,-0.4725015
2023-03-07,fold3,-6.999999999999984,-0.0049502105
2023-03-08,fold3,5.900000000000016,0.18187834
2023-03-09,fold3,1.8999999999999684,0.08029133
2023-03-10,fold3,-15.49999999999998,-0.36693132
2023-03-13,fold3,-17.900000000000027,-0.81711376
2023-03-14,fold3,-6.799999999999962,-0.9825318
2023-03-15,fold3,8.099999999999996,0.5341106
2023-03-16,fold3,-2.400000000000002,-0.7819887
2023-03-17,fold3,1.200000000000001,0.33910933
2023-03-20,fold3,-10.200000000000031,-0.9425525
2023-03-21,fold3,0.0,0.45486295
2023-03-22,fold3,-1.6999999999999904,1.292193
2023-03-23,fold3,-2.0999999999999908,-0.9488602
2023-03-24,fold3,-5.600000000000005,-1.0972989
2023-03-27,fold3,4.800000000000004,0.19280753
2023-03-28,fold3,2.300000000000013,0.66967785
2023-03-29,fold3,-0.1000000000000334,0.27962843
2023-03-30,fold3,2.5000000000000355,0.5288698
2023-03-31,fold3,3.49999999999997,-0.37412
2023-04-03,fold3,4.899999999999993,-0.67325085
2023-04-04,fold3,-7.299999999999995,0.09694587
2023-04-05,fold3,1.000000000000023,-0.5922725
2023-04-06,fold3,-4.800000000000004,-0.209886
2023-04-10,fold3,-4.1999999999999815,0.33621964
2023-04-11,fold3,1.8999999999999684,1.2786727
2023-04-12,fold3,0.7000000000000117,0.25105557
2023-04-13,fold3,1.100000000000012,-0.020962939
2023-04-14,fold3,1.29999999999999,0.3115236
2023-04-17,fold3,6.300000000000017,0.9904332
2023-04-18,fold3,0.2999999999999669,0.8300531
2023-04-19,fold3,1.8000000000000238,-0.10357931
2023-04-20,fold3,3.89999999999997,0.2700222
2023-04-21,fold3,-6.599999999999984,0.22143358
2023-04-24,fold3,-3.699999999999992,0.55430686
2023-04-25,fold3,1.6999999999999904,-0.40322742
2023-04-26,fold3,-1.399999999999979,-0.698186
2023-04-27,fold3,3.299999999999992,0.14255255
2023-04-28,fold3,1.7999999999999794,1.0558807
2023-05-02,fold3,1.200000000000001,-1.3470943
2023-05-03,fold3,-4.800000000000004,0.1848018
2023-05-04,fold3,-4.599999999999982,-0.59917027
2023-05-08,fold3,3.200000000000003,-0.20575511
2023-05-09,fold3,0.8000000000000007,0.8050036
2023-05-10,fold3,2.300000000000013,-0.053584177
2023-05-11,fold3,-4.900000000000038,-1.2560773
2023-05-12,fold3,-1.7999999999999794,-0.7214969
2023-05-15,fold3,5.799999999999983,0.8574837
2023-05-16,fold3,-2.8999999999999915,0.25600955
2023-05-17,fold3,1.6000000000000014,0.05265207
2023-05-18,fold3,4.800000000000004,0.35528067
2023-05-19,fold3,5.200000000000005,1.083221
2023-05-22,fold3,-2.0999999999999908,0.28431937
2023-05-23,fold3,7.499999999999973,0.117989056
2023-05-24,fold3,2.8999999999999915,-0.10947451
2023-05-25,fold3,9.50000000000002,0.6253703
2023-05-26,fold3,4.1999999999999815,1.7691386
2023-05-30,fold3,1.200000000000001,-0.10410566
2023-05-31,fold3,-11.899999999999975,-0.8721976
2023-06-01,fold3,1.6999999999999904,-0.20461737
2023-06-02,fold3,-5.399999999999983,-0.104950234
2023-06-05,fold3,6.599999999999984,0.7515607
2023-06-07,fold3,-3.900000000000015,0.20199402
2023-06-08,fold3,11.000000000000032,1.1000707
2023-06-09,fold3,-1.9000000000000128,-0.7089681
2023-06-12,fold3,-3.699999999999992,0.47011024
2023-06-13,fold3,0.1999999999999779,-0.019133642
2023-06-14,fold3,5.699999999999994,0.91146564
2023-06-15,fold3,5.000000000000027,-0.110982805
2023-06-16,fold3,-2.8000000000000025,-1.3841649
2023-06-20,fold3,-1.5000000000000124,0.53568333
2023-06-21,fold3,-2.0999999999999908,-0.73720586
2023-06-22,fold3,2.59999999999998,0.15514044
2023-06-23,fold3,1.6000000000000014,1.0303371
2023-06-26,fold3,-5.19999999999996,-0.6752617
2023-06-27,fold3,-0.8000000000000007,0.06827226
2023-06-28,fold3,0.8000000000000007,0.95722264
2023-06-29,fold3,1.499999999999968,-0.8248902
2023-06-30,fold3,4.899999999999993,1.4199908
2023-07-03,fold3,-6.799999999999962,-0.43561527
2023-07-05,fold3,3.699999999999992,0.5858413
2023-07-06,fold3,6.899999999999995,1.0276222
2023-07-07,fold3,4.800000000000004,1.1304905
2023-07-10,fold3,10.199999999999989,0.2406503
2023-07-11,fold3,-10.499999999999998,-0.43155813
2023-07-12,fold3,-0.2000000000000223,-0.17383605
2023-07-13,fold3,-9.899999999999975,-1.1215445
2023-07-14,fold3,2.8000000000000025,-1.388849
2023-07-17,fold3,-2.499999999999991,0.52329534
2023-07-18,fold3,-0.9000000000000341,0.093714304
2023-07-19,fold3,-7.599999999999962,-0.12802897
2023-07-20,fold3,3.099999999999969,-0.41866794
2023-07-21,fold3,3.000000000000025,1.2311438
2023-07-24,fold3,0.4000000000000003,0.08775972
2023-07-25,fold3,4.400000000000004,0.13669845
2023-07-26,fold3,-2.6000000000000245,0.43861052
2023-07-27,fold3,-2.0999999999999908,-0.44527876
2023-07-28,fold3,9.10000000000002,1.4336473
2023-07-31,fold3,3.299999999999992,-0.22167441
2023-08-01,fold3,-3.400000000000025,0.15649684
2023-08-02,fold3,6.600000000000028,0.94658643
2023-08-03,fold3,6.800000000000006,0.5581745
2023-08-04,fold3,1.499999999999968,1.2850899
2023-08-07,fold3,-6.199999999999983,-1.104461
2023-08-08,fold3,-7.399999999999984,0.26651704
2023-08-09,fold3,3.399999999999981,-1.2268622
2023-08-10,fold3,1.200000000000001,-0.02652959
2023-08-11,fold3,3.799999999999981,0.9679639
2023-08-14,fold3,6.499999999999995,1.0051677
2023-08-16,fold3,-2.19999999999998,0.36044785
2023-08-17,fold3,10.9,1.2132148
2023-08-18,fold3,-6.199999999999983,0.123418935
2023-08-21,fold3,5.899999999999972,0.06358035
2023-08-22,fold3,1.3000000000000345,1.3467883
2023-08-23,fold3,-6.600000000000028,-0.18380378
2023-08-24,fold3,-4.1999999999999815,-1.3590511
2023-08-25,fold3,5.699999999999994,0.06672018
2023-08-28,fold3,-6.300000000000017,-0.10877034
2023-08-29,fold3,-2.8000000000000025,-0.29870594
2023-08-30,fold3,0.6000000000000227,-1.1931256
2023-08-31,fold3,-2.8999999999999915,-0.016829506
2023-09-01,fold3,-4.300000000000015,-0.2945224
2023-09-05,fold3,10.80000000000001,1.0892764
2023-09-06,fold3,0.6999999999999673,1.101368
2023-09-07,fold3,7.600000000000007,0.917253
2023-09-08,fold3,-7.399999999999984,0.12261581
2023-09-11,fold3,6.599999999999984,0.08783255
2023-09-12,fold3,0.4000000000000003,0.034751058
2023-09-13,fold3,-1.6000000000000014,0.21536353
2023-09-14,fold3,-3.200000000000003,0.07361831
2023-09-15,fold3,1.100000000000012,0.5906463
2023-09-18,fold3,5.400000000000027,0.045288414
2023-09-19,fold3,-3.000000000000025,0.14622408
2023-09-20,fold3,1.100000000000012,0.37976745
2023-09-21,fold3,6.799999999999962,-0.093307264
2023-09-22,fold3,-2.999999999999936,1.5902371
2023-09-25,fold3,1.0999999999999233,-0.5472837
2023-09-26,fold3,4.20000000000007,0.52926296
2023-09-27,fold3,-2.400000000000002,0.3897571
2023-10-04,fold3,32.09999999999997,0.38274983
2023-10-05,fold3,-2.8999999999999915,1.3196743
2023-10-06,fold3,-8.199999999999985,-0.019454014
2023-10-10,fold3,-2.0999999999999908,-0.17733368
2023-10-11,fold3,-7.699999999999996,-0.2894884
2023-10-12,fold3,-4.100000000000037,-1.0912241
2023-10-13,fold3,6.799999999999962,1.0605139
2023-10-16,fold3,2.200000000000024,-0.9294312
2023-10-17,fold3,3.300000000000036,0.031574633
2023-10-18,fold3,6.299999999999972,0.4505116
2023-10-19,fold3,7.500000000000018,0.73647237
2023-10-20,fold3,-3.500000000000014,0.0696642
2023-10-23,fold3,4.699999999999971,-0.9845971
2023-10-24,fold3,-10.499999999999954,-1.0376828
2023-10-25,fold3,1.1999999999999569,-0.63169634
2023-10-26,fold3,11.100000000000064,0.19675615
2023-10-27,fold3,-11.20000000000001,-1.5203029
2023-10-30,fold3,3.200000000000003,-0.3668689
2023-10-31,fold3,1.29999999999999,-0.9862796
2023-11-01,fold3,-3.699999999999992,-1.0750407
2023-11-02,fold3,-12.00000000000001,-1.7527877
2023-11-03,fold3,-6.299999999999972,-1.6497611
2023-11-06,fold3,-4.900000000000038,-1.8561462
2023-11-07,fold3,-0.1000000000000334,-0.35706368
2023-11-08,fold3,-3.2999999999999474,-1.0705466
2023-11-09,fold3,-7.70000000000004,-1.3256803
2023-11-13,fold3,6.000000000000005,1.3735617
2023-11-14,fold3,-2.499999999999991,-0.07655864
2023-11-15,fold3,-16.500000000000004,-1.2869201
2023-11-16,fold3,-1.6000000000000014,1.1567221
2023-11-17,fold3,-0.3000000000000113,-1.5266352
2023-11-20,fold3,-4.0999999999999925,-0.6652392
2023-11-21,fold3,-2.8999999999999915,-0.5772059
2023-11-22,fold3,3.600000000000003,-0.46752295
2023-11-24,fold3,1.6999999999999904,-0.116512835
2023-11-27,fold3,-1.200000000000001,0.006941151
2023-11-28,fold3,-4.0999999999999925,-1.3948795
2023-11-29,fold3,-8.499999999999996,-0.1870233
2023-11-30,fold3,5.799999999999983,-1.3026514
2023-12-01,fold3,0.0,0.62264216
2023-12-04,fold3,-7.299999999999995,-0.715533
2023-12-05,fold3,-4.699999999999971,0.6813262
2023-12-06,fold3,-4.600000000000026,-1.1403816
2023-12-07,fold3,4.300000000000015,-0.3347817
2023-12-08,fold3,-4.200000000000026,0.32260504
2023-12-11,fold3,3.200000000000003,0.4520414
2023-12-12,fold3,-3.89999999999997,-0.018768378
2023-12-13,fold3,-0.2000000000000223,-0.0975077
2023-12-14,fold3,-19.300000000000004,-2.2209241
2023-12-15,fold3,2.6000000000000245,-1.1762325
2023-12-18,fold3,-2.200000000000024,0.38722396
2023-12-19,fold3,-0.8000000000000007,-0.2987496
2023-12-20,fold3,-4.800000000000004,-0.050761525
2023-12-21,fold3,1.7000000000000348,-0.9486908
2023-12-22,fold3,0.4000000000000003,0.37360537
2023-12-26,fold3,-3.000000000000025,0.13106899
2023-12-27,fold3,-1.100000000000012,-0.15718731
2023-12-28,fold3,-7.699999999999996,-1.9057565
2024-01-02,fold3,12.300000000000022,0.43224874
2024-01-03,fold3,3.200000000000003,1.530857
2024-01-04,fold3,-5.000000000000027,-0.11083488
2024-01-05,fold3,5.600000000000005,0.8768363
2024-01-08,fold3,0.0,0.46118122
2024-01-09,fold3,-2.0999999999999908,-0.09690521
2024-01-10,fold3,2.300000000000013,0.2685356
2024-01-11,fold3,-3.900000000000015,0.06382451
2024-01-12,fold3,-0.0999999999999889,-1.2018232
2024-01-16,fold3,1.6000000000000014,0.11472951
2024-01-17,fold3,4.700000000000015,1.2204705
2024-01-18,fold3,1.0999999999999677,0.64338803
2024-01-19,fold3,4.200000000000026,0.14034948
2024-01-22,fold3,-5.000000000000027,0.18292454
2024-01-23,fold3,0.0,-0.13725299
2024-01-24,fold3,2.8000000000000025,0.47331998
2024-01-25,fold3,1.9000000000000128,0.609343
2024-01-26,fold3,-3.299999999999992,-0.0624098
2024-01-29,fold3,4.999999999999982,0.16236115
2024-01-30,fold3,-8.599999999999985,-1.1668446
2024-01-31,fold3,-0.4999999999999893,-0.051713906
2024-02-01,fold3,-0.6000000000000227,-1.0958265
2024-02-02,fold3,-5.200000000000005,-1.2078662
2024-02-05,fold3,8.700000000000019,1.2872936
2024-02-06,fold3,0.8000000000000007,1.2783387
2024-02-07,fold3,-0.4000000000000003,-1.0602431
2024-02-08,fold3,2.19999999999998,0.10395379
2024-02-13,fold3,5.299999999999994,1.1490352
2024-02-14,fold3,4.899999999999993,1.8609135
2024-02-15,fold3,-2.499999999999991,-0.3103274
2024-02-16,fold3,0.5000000000000338,-0.018613858
2024-02-20,fold3,0.6999999999999673,0.50042146
2024-02-21,fold3,-1.499999999999968,-0.21603806
2024-02-22,fold3,-5.000000000000027,0.46519002
2024-02-23,fold3,4.400000000000004,-0.037944548
2024-02-26,fold3,-6.599999999999984,-1.3475125
2024-02-27,fold3,2.8000000000000025,0.32754034
2024-02-28,fold3,1.200000000000001,0.68016505
2024-02-29,fold3,3.299999999999992,-0.2684667
2024-03-04,fold3,-4.0999999999999925,0.037631616
2024-03-05,fold3,-2.5000000000000355,-0.17797914
2024-03-06,fold3,-2.8000000000000025,-1.4250937
2024-03-07,fold3,1.8000000000000238,0.19223465
2024-03-08,fold3,-6.499999999999995,-0.061634697
2024-03-11,fold3,0.8000000000000007,0.21835911
2024-03-12,fold3,-0.7000000000000117,0.110797845
2024-03-13,fold3,-0.4000000000000003,0.8322409
2024-03-14,fold3,2.300000000000013,0.66937065
2024-03-15,fold3,5.600000000000005,1.6664513
2024-03-18,fold3,2.499999999999991,0.2985366
2024-03-19,fold3,3.699999999999992,0.4007739
2024-03-20,fold3,-2.0999999999999908,0.019974666
2024-03-21,fold3,-4.000000000000004,-0.041216955
2024-03-22,fold3,-4.899999999999993,0.21236865
2024-03-25,fold3,0.8000000000000007,-0.34171095
2024-03-26,fold3,2.699999999999969,0.26328826
2024-03-27,fold3,-2.3999999999999577,0.115801446
2024-03-28,fold3,0.3999999999999559,-0.585691
2024-04-01,fold3,0.4000000000000003,-0.42447957
2024-04-02,fold3,4.400000000000004,1.6587666
2024-04-03,fold3,2.700000000000013,0.44761127
2024-04-04,fold3,0.4999999999999893,0.323119
2024-04-05,fold3,-2.400000000000002,-0.10246019
2024-04-08,fold3,5.500000000000016,0.74231863
2024-04-09,fold3,1.5000000000000124,0.45634538
2024-04-11,fold3,8.199999999999985,-0.45315266
2024-04-12,fold3,-4.700000000000015,1.6634922
2024-04-15,fold3,2.300000000000013,-0.7733765
2024-04-16,fold3,5.699999999999994,1.6053485
2024-04-17,fold3,1.4000000000000234,0.8569728
2024-04-18,fold3,-7.000000000000028,-0.7628593
2024-04-19,fold3,2.100000000000035,0.8658983
2024-04-22,fold3,6.699999999999973,-0.25194904
2024-04-23,fold3,-2.499999999999991,-0.118401244
2024-04-24,fold3,2.0000000000000018,-0.08596716
2024-04-25,fold3,6.199999999999983,0.49074
2024-04-26,fold3,-1.29999999999999,0.40164644
2024-04-29,fold3,1.000000000000023,-0.37761647
2024-04-30,fold3,-4.800000000000004,-0.30146116
2024-05-02,fold3,-1.8000000000000238,0.8912251
2024-05-03,fold3,-2.400000000000002,-1.526849
2024-05-07,fold3,-7.799999999999985,-1.2673842
2024-05-08,fold3,-0.6000000000000227,-0.03298328
2024-05-09,fold3,2.6000000000000245,0.20483717
2024-05-10,fold3,-1.8000000000000238,-0.28566855
2024-05-13,fold3,1.6000000000000014,0.9916943
2024-05-14,fold3,-0.8000000000000007,-0.509417
2024-05-16,fold3,-8.799999999999963,-0.54189444
2024-05-17,fold3,-0.4000000000000003,-1.2773167
2024-05-20,fold3,4.2999999999999705,0.60005665
2024-05-21,fold3,-0.5999999999999783,0.15802315
2024-05-22,fold3,-1.29999999999999,-0.39216003
2024-05-23,fold3,-0.6000000000000227,0.10394167
2024-05-24,fold3,4.300000000000015,0.5320608
2024-05-28,fold3,-3.400000000000025,-0.31152144
2024-05-29,fold3,5.500000000000016,1.1950854
2024-05-30,fold3,2.8000000000000025,1.5277615
2024-05-31,fold3,1.399999999999979,-0.5357857
2024-06-03,fold3,-4.599999999999982,-0.15890628
2024-06-04,fold3,-6.199999999999983,-1.1371024
2024-06-05,fold3,-4.000000000000004,-0.96522284
2024-06-07,fold3,-4.500000000000037,-0.12692098
2024-06-10,fold3,4.800000000000004,1.7149614
2024-06-11,fold3,-0.8000000000000007,0.4218373
2024-06-12,fold3,-4.2999999999999705,-1.3198378
2024-06-13,fold3,-3.699999999999992,-1.0952955
2024-06-14,fold3,-4.300000000000015,-1.0960022
2024-06-17,fold3,-1.9000000000000128,-0.009485406
2024-06-18,fold3,-0.4000000000000003,0.44736737
2024-06-20,fold3,-0.9999999999999788,-0.38851705
2024-06-21,fold3,-1.4000000000000234,-0.38302922
2024-06-24,fold3,0.8999999999999897,-0.5569302
2024-06-25,fold3,0.7000000000000117,-0.55141276
2024-06-26,fold3,0.7000000000000117,-0.38652217
2024-06-27,fold3,2.19999999999998,0.6361048
2024-06-28,fold3,-3.399999999999981,-0.41635868
2024-07-01,fold3,4.599999999999982,0.75694287
2024-07-02,fold3,-2.2999999999999687,0.848912
2024-07-03,fold3,-1.5000000000000124,-0.067071185
2024-07-05,fold3,-4.700000000000015,-0.8388601
2024-07-08,fold3,-1.499999999999968,-0.09773027
2024-07-09,fold3,-2.100000000000035,-0.24940406
2024-07-10,fold3,0.7000000000000117,-0.5658057
2024-07-11,fold3,3.600000000000003,0.24072462
2024-07-12,fold3,-5.699999999999994,-1.172269
2024-07-15,fold3,0.0,-0.12996165
2024-07-16,fold3,-4.000000000000004,0.6185159
2024-07-17,fold3,0.1999999999999779,-0.41644806
2024-07-18,fold3,-0.0999999999999889,-0.29901692
2024-07-19,fold3,1.8000000000000238,0.42781168
2024-07-22,fold3,-1.100000000000012,0.80250114
2024-07-23,fold3,2.59999999999998,-0.0030609593
2024-07-24,fold3,-4.000000000000004,-0.07032512
2024-07-25,fold3,-0.2999999999999669,0.69092005
2024-07-26,fold3,-2.0000000000000018,-0.17649952
2024-07-29,fold3,-6.200000000000028,-1.2420988
2024-07-30,fold3,0.6000000000000227,-0.40493613
2024-07-31,fold3,1.200000000000001,0.15028286
2024-08-01,fold3,-5.400000000000027,-0.6320599
2024-08-02,fold3,-3.399999999999981,-1.1690555
2024-08-05,fold3,-9.799999999999986,-0.92333776
2024-08-06,fold3,11.499999999999975,-0.265893
2024-08-07,fold3,0.8000000000000007,-0.05954235
2024-08-08,fold3,-0.4000000000000003,0.86896026
2024-08-09,fold3,1.5000000000000124,0.35533047
2024-08-12,fold3,-1.200000000000001,-0.4386822
2024-08-13,fold3,-2.59999999999998,-0.4154713
2024-08-14,fold3,-2.900000000000036,0.03865856
2024-08-16,fold3,2.8000000000000025,-0.12877546
2024-08-19,fold3,1.200000000000001,0.94189274
2024-08-20,fold3,1.4000000000000234,-0.4096462
2024-08-21,fold3,-0.2000000000000223,-0.26642716
2024-08-22,fold3,-1.6999999999999904,-0.031041484
2024-08-23,fold3,2.499999999999991,1.2237424
2024-08-26,fold3,-3.099999999999969,-0.4050584
2024-08-27,fold3,9.899999999999975,0.16165107
2024-08-28,fold3,-1.9000000000000128,0.33885768
2024-08-29,fold3,2.100000000000035,0.4555925
2024-08-30,fold3,1.29999999999999,0.7169092
2024-09-03,fold3,3.200000000000003,0.9247187
2024-09-04,fold3,-6.800000000000006,-1.297138
2024-09-05,fold3,-2.200000000000024,-1.1017588
2024-09-06,fold3,-3.999999999999959,-0.25504354
2024-09-09,fold3,4.1999999999999815,0.2343828
2024-09-10,fold3,-2.200000000000024,0.07203925
2024-09-11,fold3,-6.699999999999973,-0.8304995
2024-09-12,fold3,2.700000000000013,0.028808545
2024-09-13,fold3,-4.200000000000026,0.6285263
2024-09-19,fold3,5.100000000000016,-0.34134576
2024-09-20,fold3,0.9999999999999788,1.3377197
2024-09-23,fold3,3.299999999999992,-0.21653056
2024-09-24,fold3,0.4000000000000003,0.340469
2024-09-25,fold3,-2.8999999999999915,0.044252
2024-09-26,fold3,0.4000000000000003,0.47618216
2024-09-27,fold3,-0.0999999999999889,0.12974285
2024-09-30,fold3,-0.8000000000000007,-0.126336
2024-10-02,fold3,-6.000000000000005,0.9799103
2024-10-04,fold3,6.400000000000006,-0.05643767
2024-10-07,fold3,10.499999999999998,1.0805917
2024-10-08,fold3,-2.400000000000002,0.49863908
2024-10-10,fold3,1.100000000000012,-0.051643107
2024-10-11,fold3,-0.3000000000000113,0.6702279
2024-10-15,fold3,-3.500000000000014,0.008915504
2024-10-16,fold3,-4.1999999999999815,-0.616187
2024-10-17,fold3,2.0000000000000018,-0.26821253
2024-10-18,fold3,4.400000000000004,1.1771392
2024-10-21,fold3,-1.8000000000000238,0.22407308
2024-10-22,fold3,7.600000000000007,1.1103431
2024-10-23,fold3,-0.1999999999999779,-0.8569335
2024-10-24,fold3,-5.400000000000027,-0.37409085
2024-10-25,fold3,-2.0000000000000018,-0.04983624
2024-10-28,fold3,6.300000000000017,-0.023510646
2024-10-29,fold3,0.0999999999999889,-0.16003811
2024-10-30,fold3,-1.29999999999999,-0.08651866
2024-10-31,fold3,-0.4999999999999893,-0.38974488
2024-11-01,fold3,-1.000000000000023,-0.18930994
2024-11-04,fold3,0.6000000000000227,0.2541459
2024-11-05,fold3,-2.300000000000013,-0.6263233
2024-11-06,fold3,6.099999999999994,-0.5600977
2024-11-07,fold3,-3.600000000000003,0.6185202
2024-11-08,fold3,-4.899999999999993,-1.5989063
2024-11-12,fold3,-3.500000000000014,-0.29206362
2024-11-13,fold3,5.300000000000038,0.3177164
2024-11-14,fold3,0.6999999999999673,-0.17097056
2024-11-15,fold3,1.000000000000023,0.17435344
2024-11-18,fold3,-2.0999999999999908,-0.08238561
2024-11-19,fold3,-2.700000000000013,0.21764493
2024-11-20,fold3,-1.9000000000000128,0.2956869
2024-11-21,fold3,-3.89999999999997,-0.48131996
2024-11-22,fold3,-0.2000000000000223,-0.57152945
2024-11-25,fold3,-5.600000000000005,-0.20749669
2024-11-26,fold3,-1.6999999999999904,-0.8285908
2024-11-27,fold3,-2.300000000000013,-0.34508008
2024-11-29,fold3,-12.9,-0.19045168
2024-12-02,fold3,-5.399999999999983,-0.8759205
2024-12-03,fold3,1.6000000000000014,-0.34241444
2024-12-04,fold3,5.200000000000005,-0.26018953
2024-12-05,fold3,-2.700000000000013,0.09413815
2024-12-06,fold3,0.6000000000000227,-0.046175964
2024-12-09,fold3,-6.700000000000017,-0.35195872
2024-12-10,fold3,-3.200000000000003,0.36735156
2024-12-11,fold3,4.700000000000015,-0.17711326
2024-12-12,fold3,0.8000000000000007,-0.022988636
2024-12-13,fold3,-2.400000000000002,0.22472404
2024-12-16,fold3,4.499999999999993,0.5832049
2024-12-17,fold3,6.899999999999995,-0.1870193
2024-12-18,fold3,-5.200000000000005,-0.5461428
2024-12-19,fold3,7.600000000000007,0.9652788
2024-12-20,fold3,5.900000000000016,0.6249791
2024-12-23,fold3,-2.900000000000036,0.028850112
2024-12-24,fold3,3.200000000000003,0.03678441
2024-12-26,fold3,2.8000000000000025,-0.14029169
2024-12-27,fold3,-2.8000000000000025,0.07612943
2024-12-30,fold3,-2.0999999999999908,-0.0108962115
2025-01-02,fold3,-10.599999999999987,-0.5033516
2025-01-03,fold3,0.4999999999999893,-0.27076736
2025-01-06,fold3,6.300000000000017,-0.17725655
2025-01-07,fold3,-2.300000000000013,-1.0457929
2025-01-08,fold3,0.1999999999999779,-0.08012456
2025-01-10,fold3,4.100000000000037,-0.30743095
2025-01-13,fold3,3.399999999999981,1.0574182
2025-01-14,fold3,-2.9999999999999805,-0.21274696
2025-01-15,fold3,1.8999999999999684,0.09040548
2025-01-16,fold3,-5.799999999999983,-0.93881863
2025-01-17,fold3,1.100000000000012,-0.08082461
2025-01-21,fold3,0.4999999999999893,-0.35942996
2025-01-22,fold3,0.8999999999999897,0.20310435
2025-01-23,fold3,1.000000000000023,-0.07955474
2025-01-24,fold3,2.19999999999998,-0.26403677
2025-01-31,fold3,0.0,-0.45871332
2025-02-03,fold3,-2.400000000000002,-0.5818332
2025-02-04,fold3,0.8999999999999897,-0.49155816
2025-02-05,fold3,-2.59999999999998,-0.4024612
2025-02-06,fold3,-2.200000000000024,-1.2027276
2025-02-07,fold3,4.000000000000004,-0.109214574
2025-02-10,fold3,-0.5999999999999783,-0.076711364
2025-02-11,fold3,1.9000000000000128,-0.35635516
2025-02-12,fold3,2.9999999999999805,-0.0060417615
2025-02-13,fold3,-0.7000000000000117,0.2976575
2025-02-14,fold3,-2.59999999999998,-1.6266266
2025-02-18,fold3,3.200000000000003,-0.43488723
2025-02-19,fold3,-0.4999999999999893,0.9531463
2025-02-20,fold3,1.499999999999968,-0.55552006
2025-02-21,fold3,-3.200000000000003,-0.06797215
2025-02-24,fold3,-3.099999999999969,-0.8097679
2025-02-25,fold3,-2.8000000000000025,-0.15076692
2025-02-26,fold3,-4.500000000000037,-1.1493727
2025-02-27,fold3,0.2000000000000223,-0.07769436
2025-02-28,fold3,-4.800000000000004,0.07318815
2025-03-04,fold3,-0.3000000000000113,-0.46949065
2025-03-05,fold3,7.000000000000028,0.09674277
2025-03-06,fold3,3.299999999999992,-0.12116417
2025-03-07,fold3,-3.299999999999992,-0.44735003
2025-03-10,fold3,2.8000000000000025,-0.41650623
2025-03-11,fold3,-4.100000000000037,-1.0938038
2025-03-12,fold3,0.3000000000000113,0.10908038
2025-03-13,fold3,0.7000000000000117,0.46264797
2025-03-14,fold3,4.300000000000015,-0.5192652
2025-03-17,fold3,-0.8000000000000007,-0.07993343
2025-03-18,fold3,-1.7000000000000348,-0.36176828
2025-03-19,fold3,2.300000000000013,-0.03791038
2025-03-20,fold3,-1.9000000000000128,0.0024314523
2025-03-21,fold3,1.3000000000000345,-0.803773
2025-03-24,fold3,1.0999999999999677,-0.7947018
2025-03-25,fold3,0.5000000000000338,0.64291567
2025-03-26,fold3,1.7999999999999794,-0.754548
2025-03-27,fold3,-0.0999999999999889,0.25364706
2025-03-28,fold3,0.4000000000000003,0.03945917
2025-03-31,fold3,-7.100000000000017,-1.0124229
2025-04-01,fold3,1.6000000000000014,0.26057255
2025-04-02,fold3,-2.0000000000000018,0.1372689
2025-04-03,fold3,-2.8999999999999915,0.056583285
2025-04-04,fold3,-4.599999999999982,-1.0276027
2025-04-07,fold3,-4.400000000000004,-0.6363062
2025-04-08,fold3,3.799999999999981,1.0671413
2025-04-09,fold3,4.600000000000026,0.9553807
2025-04-10,fold3,-3.000000000000025,0.3303195
2025-04-11,fold3,-0.5999999999999783,0.48006305
2025-04-14,fold3,-0.5000000000000338,0.20705032
2025-04-15,fold3,-2.699999999999969,-1.7762054
2025-04-16,fold3,-3.500000000000014,-0.37395617
2025-04-17,fold3,1.6000000000000014,-0.44058806
2025-04-21,fold3,-4.300000000000015,-0.13430358
2025-04-22,fold3,1.9000000000000128,1.2476901
2025-04-23,fold3,-2.300000000000013,0.007681803
2025-04-24,fold3,2.5000000000000355,-0.26862672
2025-04-25,fold3,-4.700000000000015,-0.8913847
2025-04-28,fold3,1.200000000000001,0.16152166
2025-04-29,fold3,1.5000000000000124,-0.49604547
2025-04-30,fold3,-4.000000000000004,-0.12541324
2025-05-02,fold3,2.9999999999999805,0.07959471
2025-05-07,fold3,1.000000000000023,1.07125
2025-05-08,fold3,1.8999999999999684,-1.0663745
2025-05-09,fold3,4.800000000000004,1.6074848
2025-05-12,fold3,1.5000000000000124,-0.0429983
2025-05-13,fold3,3.699999999999992,1.2915615
2025-05-14,fold3,-0.4000000000000003,1.1779112
2025-05-15,fold3,0.8999999999999897,0.80431336
2025-05-16,fold3,-5.099999999999971,-0.9326622
2025-05-19,fold3,7.099999999999973,0.4243675
2025-05-20,fold3,-3.399999999999981,0.2235807
2025-05-21,fold3,4.699999999999971,0.36278003
2025-05-22,fold3,-0.4999999999999893,1.0011086
2025-05-23,fold3,1.100000000000012,-0.35654137
2025-05-27,fold3,-5.699999999999994,0.036176294
2025-05-28,fold3,-0.3000000000000113,-0.96340835
2025-05-29,fold3,5.399999999999983,0.5462523
2025-05-30,fold3,2.6000000000000245,-0.62372893
2025-06-02,fold3,0.7000000000000117,0.1612613
2025-06-04,fold3,10.099999999999998,0.26142824
2025-06-05,fold3,-0.3000000000000113,-0.94447863
2025-06-09,fold3,-2.400000000000002,0.21332344
2025-06-10,fold3,-3.600000000000003,0.8468965
2025-06-11,fold3,0.6000000000000227,0.002595365
2025-06-12,fold3,-1.000000000000023,-0.23182397
2025-06-13,fold3,-0.8000000000000007,-0.4997823
2025-06-16,fold3,4.499999999999993,0.72187144
2025-06-17,fold3,0.4000000000000003,0.61108184
2025-06-18,fold3,0.8000000000000007,-1.2317265
2025-06-20,fold3,-0.8999999999999897,-0.095393345
2025-06-23,fold3,0.6000000000000227,0.10289931
2025-06-24,fold3,-5.000000000000027,-0.49233314
2025-06-25,fold3,-0.3000000000000113,-0.124484375
2025-06-26,fold3,-3.200000000000003,-0.016215589
2025-06-27,fold3,-0.2999999999999669,-0.41321868
2025-06-30,fold3,2.0000000000000018,0.51837397
2025-07-01,fold3,-2.100000000000035,-1.3533118
2025-07-02,fold3,4.800000000000004,-0.07150249
2025-07-03,fold3,-1.7999999999999794,0.477788
2025-07-07,fold3,2.59999999999998,0.75087196
2025-07-08,fold3,0.7000000000000117,0.82499975
2025-07-09,fold3,0.7000000000000117,0.13882188
2025-07-10,fold3,-4.000000000000004,-1.2718575
2025-07-11,fold3,0.8999999999999897,0.2212939
2025-07-14,fold3,6.300000000000017,1.0704724
2025-07-15,fold3,-0.9000000000000341,0.2833386
2025-07-16,fold3,0.0,1.3303384
2025-07-17,fold3,2.8000000000000025,-0.03294869
2025-07-18,fold3,-3.1999999999999584,0.3900249
2025-07-21,fold3,-1.8000000000000238,-0.72902143
2025-07-22,fold3,-1.6000000000000014,-1.1020273
2025-07-23,fold3,-0.8999999999999897,-0.5099248
2025-07-24,fold3,1.9000000000000128,0.63433474
2025-07-25,fold3,0.5999999999999783,0.7958653
2025-07-28,fold3,-2.59999999999998,-0.53131664
2025-07-29,fold3,-0.6000000000000227,0.20207244
2025-07-30,fold3,-2.59999999999998,-1.595463
2025-07-31,fold3,-1.200000000000001,0.62640107
2025-08-01,fold3,4.699999999999971,-0.13152482
2025-08-04,fold3,-5.399999999999983,-1.2305344
2025-08-05,fold3,-1.200000000000001,-0.2606796
2025-08-06,fold3,1.29999999999999,0.15345259
2025-08-07,fold3,-0.7000000000000117,-0.08556179
2025-08-08,fold3,0.4000000000000003,0.15833506
2025-08-11,fold3,0.5000000000000338,0.14169762
2025-08-12,fold3,2.0000000000000018,-0.044554695
2025-08-13,fold3,0.8000000000000007,-0.26830438
2025-08-14,fold3,-2.200000000000024,-1.0000901
2025-08-18,fold3,5.000000000000027,1.0551327
2025-08-19,fold3,2.0999999999999908,0.66464347
2025-08-20,fold3,-0.4999999999999893,-0.5177037
2025-08-21,fold3,-0.8000000000000007,-0.03116869
2025-08-22,fold3,1.499999999999968,0.55538046
2025-08-25,fold3,-0.8000000000000007,-1.6080173
2025-08-26,fold3,0.8000000000000007,0.31334156
2025-08-27,fold3,-3.49999999999997,-0.17219625
2025-08-28,fold3,-1.000000000000023,-0.060990877
2025-08-29,fold3,0.0,-0.17947596
2025-09-02,fold3,5.500000000000016,-0.088768505
2025-09-03,fold3,4.2999999999999705,0.5181528
2025-09-04,fold3,-2.9999999999999805,-1.4346495
2025-09-05,fold3,-2.8000000000000025,-0.7607661
2025-09-08,fold3,-0.7000000000000117,-1.4262844
2025-09-09,fold3,-2.9999999999999805,-0.4668391
2025-09-10,fold3,1.5000000000000124,0.5246767
2025-09-11,fold3,-2.0000000000000018,-0.09305969
2025-09-12,fold3,0.0,-0.051862046
2025-09-15,fold3,0.8000000000000007,0.9324678
2025-09-16,fold3,-1.7000000000000348,-0.1779391
2025-09-17,fold3,-1.6999999999999904,-0.38973126
2025-09-18,fold3,-3.100000000000014,-0.1363808
2025-09-19,fold3,5.900000000000016,0.90092695
2025-09-22,fold3,1.8000000000000238,0.22146001
2025-09-23,fold3,-2.0000000000000018,0.30351114
2025-09-24,fold3,3.49999999999997,-0.24492589
2025-09-25,fold3,3.699999999999992,0.5782926
2025-09-26,fold3,5.800000000000027,-0.27221754
2025-09-29,fold3,-0.4000000000000003,-0.090583935
2025-09-30,fold3,1.200000000000001,-0.39193475
2025-10-01,fold3,0.8999999999999897,0.13398689
2025-10-02,fold3,-0.0999999999999889,-0.062855735
2025-10-10,fold3,0.4999999999999893,-0.14326142
2025-10-14,fold3,-9.299999999999995,-0.7147792
2025-10-15,fold3,-1.5000000000000124,-0.4207062
2025-10-16,fold3,5.200000000000005,0.19396989
2025-10-17,fold3,-2.300000000000013,-0.3331866
2025-10-20,fold3,0.7000000000000117,0.45506078
2025-10-21,fold3,1.200000000000001,-0.36724555
2025-10-22,fold3,-3.49999999999997,-0.070466846
2025-10-23,fold3,4.2999999999999705,-0.1903688
2025-10-24,fold3,0.0999999999999889,0.077523366
2025-10-27,fold3,4.600000000000026,0.076176
2025-10-28,fold3,-2.400000000000002,-0.58697987
2025-10-29,fold3,4.899999999999993,-0.01282943
2025-10-30,fold3,6.599999999999984,1.261776
2025-10-31,fold3,1.100000000000012,0.6442292
2025-11-03,fold3,2.499999999999991,-0.006943051
2025-11-04,fold3,-0.4000000000000003,0.17634632
2025-11-05,fold3,4.300000000000015,-0.43107596
2025-11-06,fold3,7.799999999999985,0.96910584
2025-11-07,fold3,2.300000000000013,-1.0415168
2025-11-10,fold3,0.4000000000000003,0.22721702
2025-11-12,fold3,5.200000000000005,0.33008528
2025-11-13,fold3,-1.5000000000000124,-0.49859893
2025-11-14,fold3,5.000000000000027,0.572418
2025-11-17,fold3,-1.6000000000000014,0.6138621
2025-11-18,fold3,-3.300000000000036,0.2676452
2025-11-19,fold3,1.3000000000000345,-0.12862487
2025-11-20,fold3,4.400000000000004,-0.18934892
2025-11-21,fold3,-5.400000000000027,-0.1916921
2025-11-24,fold3,1.8000000000000238,0.021931147
2025-11-25,fold3,-2.5000000000000355,-0.26335728
2025-11-26,fold3,-1.29999999999999,-0.19545856
2025-11-28,fold3,9.299999999999995,0.11941653
2025-12-01,fold3,4.300000000000015,-0.3401906
2025-12-02,fold3,-4.0999999999999925,1.2943538
2025-12-03,fold3,2.19999999999998,0.11010072
2025-12-04,fold3,0.8000000000000007,-0.30472714
2025-12-05,fold3,-1.7999999999999794,0.6500117
2025-12-08,fold3,4.2999999999999705,0.35151452
2025-12-09,fold3,5.200000000000005,0.59111583
2025-12-10,fold3,-8.199999999999985,0.21999167
2025-12-11,fold3,0.7000000000000117,-0.28510472
2025-12-12,fold3,3.099999999999969,-0.051350385
2025-12-15,fold3,-8.399999999999963,0.5852032
2025-12-16,fold3,-1.200000000000001,-0.2385618
2025-12-17,fold3,1.0999999999999677,-0.05955182
2025-12-18,fold3,-1.200000000000001,0.28962612
2025-12-19,fold3,3.000000000000025,0.02211025
2025-12-22,fold3,1.6999999999999904,0.4038348
2025-12-23,fold3,2.0000000000000018,-0.16052039
2025-12-24,fold3,-3.399999999999981,-0.107332796
2025-12-26,fold3,2.8999999999999915,-0.43511134
2025-12-29,fold3,-2.0000000000000018,0.2786587
2025-12-30,fold3,3.099999999999969,-0.13378736
